elapsed_s,mean,min,max,memory_kb_mean,memory_kb_min,memory_kb_max,disk_kb_mean,disk_kb_min,disk_kb_max,tracking_prob,repartitioning_prob,storage_type,partitions,paths,interval,thinking_time,sync_mode,line_label
0.1,192936.41584158415,182584.15841584158,202890.0,2643813.6,2606952.0,2654636.0,164091.2,164035.0,164131.0,0.0,0.0,engine,1,1,0,20000,sync_off,engine_p1_w1_i0_t20000
0.2,177246.0,146120.0,217640.0,2658744.8,2620568.0,2670356.0,164974.6,164759.0,165229.0,0.0,0.0,engine,1,1,0,20000,sync_off,engine_p1_w1_i0_t20000
0.3,155397.28712871287,146630.0,162841.58415841582,2661478.4,2624912.0,2672048.0,165808.4,165542.0,166090.0,0.0,0.0,engine,1,1,0,20000,sync_off,engine_p1_w1_i0_t20000
0.4,155674.21782178216,146891.08910891088,179290.0,2662766.4,2626264.0,2673220.0,166598.6,166311.0,166872.0,0.0,0.0,engine,1,1,0,20000,sync_off,engine_p1_w1_i0_t20000
0.5,151747.00990099012,145220.0,172643.56435643564,2663928.8,2627312.0,2674288.0,167401.6,167084.0,167790.0,0.0,0.0,engine,1,1,0,20000,sync_off,engine_p1_w1_i0_t20000
0.6,147967.60396039602,144297.0297029703,156760.0,2664917.6,2628164.0,2675396.0,168157.8,167823.0,168546.0,0.0,0.0,engine,1,1,0,20000,sync_off,engine_p1_w1_i0_t20000
0.7,145941.9207920792,142039.60396039602,151470.0,2665865.6,2629044.0,2676376.0,168907.2,168535.0,169231.0,0.0,0.0,engine,1,1,0,20000,sync_off,engine_p1_w1_i0_t20000
0.8,147517.74257425743,145435.64356435643,153554.45544554453,2666794.4,2629916.0,2677268.0,169687.6,169280.0,170056.0,0.0,0.0,engine,1,1,0,20000,sync_off,engine_p1_w1_i0_t20000
0.9,152680.0,144870.0,173360.0,2667723.2,2630864.0,2678284.0,170460.2,170035.0,170846.0,0.0,0.0,engine,1,1,0,20000,sync_off,engine_p1_w1_i0_t20000
1.0,147108.05940594058,144316.8316831683,148712.8712871287,2668594.4,2631904.0,2679148.0,171239.0,170823.0,171608.0,0.0,0.0,engine,1,1,0,20000,sync_off,engine_p1_w1_i0_t20000
1.1,146396.55445544556,142871.28712871287,149980.0,2669426.4,2632756.0,2679972.0,172827.6,171571.0,174436.0,0.0,0.0,engine,1,1,0,20000,sync_off,engine_p1_w1_i0_t20000
1.21,155925.20792079208,147550.0,160930.0,2670355.2,2633764.0,2680908.0,176468.4,174606.0,177294.0,0.0,0.0,engine,1,1,0,20000,sync_off,engine_p1_w1_i0_t20000
1.3,150480.0,150480.0,150480.0,2681728.0,2681728.0,2681728.0,178078.0,178078.0,178078.0,0.0,0.0,engine,1,1,0,20000,sync_off,engine_p1_w1_i0_t20000
1.31,162687.1287128713,143600.0,193960.39603960395,2643355.0,2577132.0,2681620.0,149566.5,65663.0,177687.0,0.0,0.0,engine,1,1,0,20000,sync_off,engine_p1_w1_i0_t20000
1.41,154351.34653465348,137880.0,170840.0,2619308.0,2576988.0,2682556.0,111395.0,65968.0,178889.0,0.0,0.0,engine,1,1,0,20000,sync_off,engine_p1_w1_i0_t20000
1.51,169888.55445544556,146670.0,195425.74257425743,2620130.4,2577460.0,2683440.0,113487.4,68910.0,179625.0,0.0,0.0,engine,1,1,0,20000,sync_off,engine_p1_w1_i0_t20000
1.61,190385.66336633664,147320.0,275680.0,2620993.6,2578776.0,2684428.0,115518.8,71645.0,180499.0,0.0,0.0,engine,1,1,0,20000,sync_off,engine_p1_w1_i0_t20000
1.71,197022.53465346532,146050.0,288490.0,2621668.0,2579672.0,2685220.0,117347.4,74035.0,181256.0,0.0,0.0,engine,1,1,0,20000,sync_off,engine_p1_w1_i0_t20000
1.81,209999.08910891088,146890.0,299860.0,2622564.8,2580348.0,2686016.0,119675.6,77343.0,182037.0,0.0,0.0,engine,1,1,0,20000,sync_off,engine_p1_w1_i0_t20000
1.91,220478.7326732673,147455.44554455444,295851.48514851485,2623588.0,2581568.0,2686784.0,122026.0,80790.0,182793.0,0.0,0.0,engine,1,1,0,20000,sync_off,engine_p1_w1_i0_t20000
2.01,229584.85148514854,145287.1287128713,297050.0,2625292.0,2583912.0,2687556.0,124207.6,84298.0,183542.0,0.0,0.0,engine,1,1,0,20000,sync_off,engine_p1_w1_i0_t20000
2.11,234878.29702970298,147990.0,295790.0,2626308.8,2584736.0,2688316.0,126245.8,86838.0,184304.0,0.0,0.0,engine,1,1,0,20000,sync_off,engine_p1_w1_i0_t20000
2.21,231854.099009901,139350.0,295570.0,2606596.0,2584616.0,2687536.0,106212.8,72663.0,184518.0,0.0,0.0,engine,1,1,0,20000,sync_off,engine_p1_w1_i0_t20000
2.31,242964.29702970298,153880.0,298207.9207920792,2587312.0,2585056.0,2589168.0,86431.4,72882.0,95123.0,0.0,0.0,engine,1,1,0,20000,sync_off,engine_p1_w1_i0_t20000
2.41,250852.9900990099,174170.0,299590.0,2588742.4,2585956.0,2590916.0,89774.8,75819.0,98695.0,0.0,0.0,engine,1,1,0,20000,sync_off,engine_p1_w1_i0_t20000
2.51,269263.1881188119,221405.9405940594,299570.0,2590337.6,2586764.0,2592660.0,92807.4,79001.0,102238.0,0.0,0.0,engine,1,1,0,20000,sync_off,engine_p1_w1_i0_t20000
2.61,288748.0,280240.0,298820.0,2592042.4,2587756.0,2595220.0,95736.2,81466.0,104802.0,0.0,0.0,engine,1,1,0,20000,sync_off,engine_p1_w1_i0_t20000
2.71,296971.1683168317,292801.98019801977,306530.0,2593866.4,2589280.0,2598104.0,99336.2,85075.0,108399.0,0.0,0.0,engine,1,1,0,20000,sync_off,engine_p1_w1_i0_t20000
2.81,292549.5049504951,284860.0,301200.0,2595380.0,2590856.0,2599296.0,102901.8,88652.0,112005.0,0.0,0.0,engine,1,1,0,20000,sync_off,engine_p1_w1_i0_t20000
2.91,297169.3267326733,284030.0,303390.0,2596956.8,2593572.0,2600340.0,105868.2,92323.0,115590.0,0.0,0.0,engine,1,1,0,20000,sync_off,engine_p1_w1_i0_t20000
3.01,296600.0,283300.0,303450.0,2598596.8,2595220.0,2601760.0,109276.6,96018.0,118113.0,0.0,0.0,engine,1,1,0,20000,sync_off,engine_p1_w1_i0_t20000
3.11,290246.71287128713,282722.7722772277,297440.0,2600221.6,2596120.0,2603464.0,112803.8,99530.0,121557.0,0.0,0.0,engine,1,1,0,20000,sync_off,engine_p1_w1_i0_t20000
3.21,296802.51485148515,289742.57425742573,304140.0,2602543.2,2597812.0,2606068.0,115989.8,102118.0,125201.0,0.0,0.0,engine,1,1,0,20000,sync_off,engine_p1_w1_i0_t20000
3.31,296703.5643564357,292310.0,302217.8217821782,2604736.8,2599576.0,2608296.0,119380.2,105750.0,128859.0,0.0,0.0,engine,1,1,0,20000,sync_off,engine_p1_w1_i0_t20000
3.41,297914.0,282330.0,305600.0,2607287.2,2601244.0,2611072.0,122732.4,109301.0,132358.0,0.0,0.0,engine,1,1,0,20000,sync_off,engine_p1_w1_i0_t20000
3.51,292441.1881188119,280425.7425742574,300356.4356435643,2609458.4,2604920.0,2612912.0,125885.8,112926.0,134902.0,0.0,0.0,engine,1,1,0,20000,sync_off,engine_p1_w1_i0_t20000
3.61,293958.0,283450.0,301910.0,2611012.0,2606660.0,2614368.0,129445.4,116552.0,138463.0,0.0,0.0,engine,1,1,0,20000,sync_off,engine_p1_w1_i0_t20000
3.71,294779.1683168317,286600.0,299750.0,2613388.0,2608012.0,2619260.0,132603.0,119089.0,142081.0,0.0,0.0,engine,1,1,0,20000,sync_off,engine_p1_w1_i0_t20000
3.81,294684.59405940596,282600.0,302630.0,2615966.4,2609632.0,2621376.0,135968.6,122741.0,145686.0,0.0,0.0,engine,1,1,0,20000,sync_off,engine_p1_w1_i0_t20000
3.91,300324.7722772277,289530.0,309480.0,2618629.6,2611820.0,2623348.0,139146.8,126330.0,148277.0,0.0,0.0,engine,1,1,0,20000,sync_off,engine_p1_w1_i0_t20000
4.01,297290.0,285540.0,307580.0,2620429.6,2613500.0,2625212.0,142717.0,129963.0,151765.0,0.0,0.0,engine,1,1,0,20000,sync_off,engine_p1_w1_i0_t20000
4.11,296815.0,286490.0,303550.0,2624356.0,2616968.0,2627152.0,149250.5,134878.0,155307.0,0.0,0.0,engine,1,1,0,20000,sync_off,engine_p1_w1_i0_t20000
4.12,307653.4653465346,307653.4653465346,307653.4653465346,2617564.0,2617564.0,2617564.0,133664.0,133664.0,133664.0,0.0,0.0,engine,1,1,0,20000,sync_off,engine_p1_w1_i0_t20000
4.21,294323.20792079205,269396.03960396035,308740.0,2624463.2,2618092.0,2628700.0,149269.4,136237.0,158706.0,0.0,0.0,engine,1,1,0,20000,sync_off,engine_p1_w1_i0_t20000
4.31,287668.31683168316,286782.17821782175,288554.45544554456,2630136.0,2629824.0,2630448.0,159992.5,159916.0,160069.0,0.0,0.0,engine,1,1,0,20000,sync_off,engine_p1_w1_i0_t20000
4.32,293493.3333333333,283410.0,306070.0,2623393.3333333335,2619872.0,2629968.0,147356.0,139888.0,161208.0,0.0,0.0,engine,1,1,0,20000,sync_off,engine_p1_w1_i0_t20000
4.41,289240.0,286390.0,292090.0,2631818.0,2631480.0,2632156.0,163487.5,163444.0,163531.0,0.0,0.0,engine,1,1,0,20000,sync_off,engine_p1_w1_i0_t20000
4.42,291920.0,282690.0,305280.0,2625152.0,2621604.0,2631724.0,150863.0,143441.0,164696.0,0.0,0.0,engine,1,1,0,20000,sync_off,engine_p1_w1_i0_t20000
4.51,291290.0,288000.0,297610.0,2629996.0,2623240.0,2634044.0,160673.66666666666,147966.0,167039.0,0.0,0.0,engine,1,1,0,20000,sync_off,engine_p1_w1_i0_t20000
4.52,297108.9108910891,284653.4653465346,309564.35643564357,2628772.0,2624060.0,2633484.0,157633.0,147097.0,168169.0,0.0,0.0,engine,1,1,0,20000,sync_off,engine_p1_w1_i0_t20000
4.61,301365.0,297430.0,305300.0,2635110.0,2634308.0,2635912.0,170117.5,169607.0,170628.0,0.0,0.0,engine,1,1,0,20000,sync_off,engine_p1_w1_i0_t20000
4.62,298476.6666666667,286050.0,309330.0,2634400.0,2628052.0,2645352.0,157995.0,150761.0,171772.0,0.0,0.0,engine,1,1,0,20000,sync_off,engine_p1_w1_i0_t20000
4.71,292846.5346534653,287108.91089108906,298584.1584158416,2641838.0,2637644.0,2646032.0,174902.5,173122.0,176683.0,0.0,0.0,engine,1,1,0,20000,sync_off,engine_p1_w1_i0_t20000
4.72,269950.89108910895,222680.0,306440.0,2635946.6666666665,2629720.0,2646528.0,161216.33333333334,153338.0,176401.0,0.0,0.0,engine,1,1,0,20000,sync_off,engine_p1_w1_i0_t20000
4.82,254796.0,162260.0,309670.0,2640250.4,2631536.0,2647312.0,169214.4,156927.0,177777.0,0.0,0.0,engine,1,1,0,20000,sync_off,engine_p1_w1_i0_t20000
4.92,229765.08910891088,148702.9702970297,300752.47524752474,2643116.8,2633288.0,2650744.0,171897.8,160487.0,181358.0,0.0,0.0,engine,1,1,0,20000,sync_off,engine_p1_w1_i0_t20000
5.02,213231.48514851485,147069.30693069307,311900.0,2644388.8,2635184.0,2651704.0,173825.8,164194.0,182274.0,0.0,0.0,engine,1,1,0,20000,sync_off,engine_p1_w1_i0_t20000
5.12,209469.64356435643,143178.21782178216,308610.0,2645576.8,2637000.0,2652528.0,175714.6,167811.0,183104.0,0.0,0.0,engine,1,1,0,20000,sync_off,engine_p1_w1_i0_t20000
5.22,208846.59405940594,141702.9702970297,309200.0,2646772.0,2638968.0,2653256.0,177406.2,170768.0,183819.0,0.0,0.0,engine,1,1,0,20000,sync_off,engine_p1_w1_i0_t20000
5.32,209181.50495049506,144180.0,305693.0693069307,2647991.2,2640920.0,2653992.0,179100.8,174066.0,184559.0,0.0,0.0,engine,1,1,0,20000,sync_off,engine_p1_w1_i0_t20000
5.42,210606.0396039604,144850.0,317040.0,2649210.4,2642876.0,2654744.0,181022.0,177785.0,185308.0,0.0,0.0,engine,1,1,0,20000,sync_off,engine_p1_w1_i0_t20000
5.52,206701.44554455444,142217.82178217822,311450.0,2653342.4,2651460.0,2655548.0,184102.8,182426.0,186076.0,0.0,0.0,engine,1,1,0,20000,sync_off,engine_p1_w1_i0_t20000
5.62,171847.52475247526,144237.62376237623,227320.0,2654258.4,2652532.0,2656336.0,184990.0,183149.0,186859.0,0.0,0.0,engine,1,1,0,20000,sync_off,engine_p1_w1_i0_t20000
5.72,150612.25742574257,143049.50495049503,164514.8514851485,2655047.2,2653412.0,2657048.0,185765.6,183874.0,187562.0,0.0,0.0,engine,1,1,0,20000,sync_off,engine_p1_w1_i0_t20000
5.82,146916.71287128713,142650.0,153190.0,2655809.6,2654208.0,2657804.0,186522.2,184631.0,188311.0,0.0,0.0,engine,1,1,0,20000,sync_off,engine_p1_w1_i0_t20000
5.92,145117.32673267327,143000.0,148200.0,2656573.6,2654980.0,2658544.0,187274.2,185351.0,189037.0,0.0,0.0,engine,1,1,0,20000,sync_off,engine_p1_w1_i0_t20000
6.02,144704.25742574257,142425.74257425743,147250.0,2657248.8,2655772.0,2659284.0,188028.4,186097.0,189800.0,0.0,0.0,engine,1,1,0,20000,sync_off,engine_p1_w1_i0_t20000
6.12,144334.8514851485,142460.0,146540.0,2657964.0,2656532.0,2659992.0,188775.4,186850.0,190525.0,0.0,0.0,engine,1,1,0,20000,sync_off,engine_p1_w1_i0_t20000
6.22,147876.11881188117,142524.75247524751,156310.0,2658748.0,2657356.0,2660836.0,189953.2,187629.0,193375.0,0.0,0.0,engine,1,1,0,20000,sync_off,engine_p1_w1_i0_t20000
6.32,151209.28712871287,138120.0,178600.0,2655350.4,2636972.0,2661656.0,191957.0,188344.0,196183.0,0.0,0.0,engine,1,1,0,20000,sync_off,engine_p1_w1_i0_t20000
6.42,91648.43564356436,0.0,156782.17821782178,2655860.0,2637800.0,2661884.0,192855.8,189022.0,196681.0,0.0,0.0,engine,1,1,0,20000,sync_off,engine_p1_w1_i0_t20000
6.52,92665.20792079208,0.0,168396.03960396038,2656351.2,2638616.0,2662788.0,193727.4,189022.0,197408.0,0.0,0.0,engine,1,1,0,20000,sync_off,engine_p1_w1_i0_t20000
6.62,92142.17821782178,0.0,165790.0,2656839.2,2639464.0,2663612.0,194407.4,189022.0,198150.0,0.0,0.0,engine,1,1,0,20000,sync_off,engine_p1_w1_i0_t20000
6.72,103062.77227722772,0.0,205690.0,2657410.4,2640348.0,2664816.0,195528.6,189022.0,198908.0,0.0,0.0,engine,1,1,0,20000,sync_off,engine_p1_w1_i0_t20000
6.82,76828.66336633664,0.0,159534.65346534652,2662076.0,2658724.0,2665676.0,195919.25,189022.0,199638.0,0.0,0.0,engine,1,1,0,20000,sync_off,engine_p1_w1_i0_t20000
6.83,162158.41584158415,162158.41584158415,162158.41584158415,2641248.0,2641248.0,2641248.0,69105.0,69105.0,69105.0,0.0,0.0,engine,1,1,0,20000,sync_off,engine_p1_w1_i0_t20000
6.92,96959.9603960396,0.0,189370.0,2658428.0,2642224.0,2666548.0,171058.0,70078.0,200369.0,0.0,0.0,engine,1,1,0,20000,sync_off,engine_p1_w1_i0_t20000
7.02,72909.52970297029,0.0,146450.0,2662866.0,2658724.0,2667368.0,196689.75,189022.0,201108.0,0.0,0.0,engine,1,1,0,20000,sync_off,engine_p1_w1_i0_t20000
7.03,164540.0,164540.0,164540.0,2643104.0,2643104.0,2643104.0,70946.0,70946.0,70946.0,0.0,0.0,engine,1,1,0,20000,sync_off,engine_p1_w1_i0_t20000
7.12,69908.29207920792,0.0,140683.16831683167,2663232.0,2658724.0,2668084.0,197039.75,189022.0,201826.0,0.0,0.0,engine,1,1,0,20000,sync_off,engine_p1_w1_i0_t20000
7.13,146574.25742574257,146574.25742574257,146574.25742574257,2643724.0,2643724.0,2643724.0,71699.0,71699.0,71699.0,0.0,0.0,engine,1,1,0,20000,sync_off,engine_p1_w1_i0_t20000
7.22,36807.5,0.0,147230.0,2663428.0,2658724.0,2668084.0,197235.5,189022.0,202609.0,0.0,0.0,engine,1,1,0,20000,sync_off,engine_p1_w1_i0_t20000
7.23,145970.0,145970.0,145970.0,2643948.0,2643948.0,2643948.0,72478.0,72478.0,72478.0,0.0,0.0,engine,1,1,0,20000,sync_off,engine_p1_w1_i0_t20000
7.33,29942.0,0.0,148090.0,2659560.0,2644088.0,2668084.0,172442.0,73268.0,202609.0,0.0,0.0,engine,1,1,0,20000,sync_off,engine_p1_w1_i0_t20000
7.42,0.0,0.0,0.0,2662821.3333333335,2658724.0,2668084.0,195444.33333333334,189022.0,201128.0,0.0,0.0,engine,1,1,0,20000,sync_off,engine_p1_w1_i0_t20000
7.43,73490.09900990098,0.0,146980.19801980196,2654902.0,2644556.0,2665248.0,138333.0,74057.0,202609.0,0.0,0.0,engine,1,1,0,20000,sync_off,engine_p1_w1_i0_t20000
7.53,29250.0,0.0,146250.0,2659784.8,2645212.0,2668084.0,172746.2,74789.0,202609.0,0.0,0.0,engine,1,1,0,20000,sync_off,engine_p1_w1_i0_t20000
7.63,28940.0,0.0,144700.0,2659896.8,2645772.0,2668084.0,172893.0,75523.0,202609.0,0.0,0.0,engine,1,1,0,20000,sync_off,engine_p1_w1_i0_t20000
7.73,28558.41584158416,0.0,142792.0792079208,2659938.4,2645980.0,2668084.0,173035.0,76233.0,202609.0,0.0,0.0,engine,1,1,0,20000,sync_off,engine_p1_w1_i0_t20000
7.83,29424.0,0.0,147120.0,2659960.8,2646092.0,2668084.0,173177.2,76944.0,202609.0,0.0,0.0,engine,1,1,0,20000,sync_off,engine_p1_w1_i0_t20000
7.93,29041.58415841584,0.0,145207.9207920792,2659960.8,2646092.0,2668084.0,173323.4,77675.0,202609.0,0.0,0.0,engine,1,1,0,20000,sync_off,engine_p1_w1_i0_t20000
8.03,29374.0,0.0,146870.0,2659961.6,2646096.0,2668084.0,173474.0,78428.0,202609.0,0.0,0.0,engine,1,1,0,20000,sync_off,engine_p1_w1_i0_t20000
8.13,29170.0,0.0,145850.0,2659961.6,2646096.0,2668084.0,173632.2,79219.0,202609.0,0.0,0.0,engine,1,1,0,20000,sync_off,engine_p1_w1_i0_t20000
8.23,28697.029702970292,0.0,143485.14851485146,2659972.8,2646152.0,2668084.0,173773.0,79923.0,202609.0,0.0,0.0,engine,1,1,0,20000,sync_off,engine_p1_w1_i0_t20000
8.33,29300.0,0.0,146500.0,2659972.8,2646152.0,2668084.0,173919.2,80654.0,202609.0,0.0,0.0,engine,1,1,0,20000,sync_off,engine_p1_w1_i0_t20000
8.43,28984.158415841586,0.0,144920.79207920792,2659978.4,2646180.0,2668084.0,174065.2,81384.0,202609.0,0.0,0.0,engine,1,1,0,20000,sync_off,engine_p1_w1_i0_t20000
8.53,29728.0,0.0,148640.0,2660057.6,2646576.0,2668084.0,174216.0,82138.0,202609.0,0.0,0.0,engine,1,1,0,20000,sync_off,engine_p1_w1_i0_t20000
8.63,29816.0,0.0,149080.0,2660145.6,2647016.0,2668084.0,174361.2,82864.0,202609.0,0.0,0.0,engine,1,1,0,20000,sync_off,engine_p1_w1_i0_t20000
8.73,29586.138613861385,0.0,147930.69306930693,2660176.8,2647172.0,2668084.0,174523.0,83673.0,202609.0,0.0,0.0,engine,1,1,0,20000,sync_off,engine_p1_w1_i0_t20000
8.83,29136.0,0.0,145680.0,2660179.2,2647184.0,2668084.0,174668.2,84399.0,202609.0,0.0,0.0,engine,1,1,0,20000,sync_off,engine_p1_w1_i0_t20000
8.93,29726.0,0.0,148630.0,2660190.4,2647240.0,2668084.0,174820.6,85161.0,202609.0,0.0,0.0,engine,1,1,0,20000,sync_off,engine_p1_w1_i0_t20000
9.03,29120.792079207917,0.0,145603.9603960396,2660236.8,2647472.0,2668084.0,174979.2,85954.0,202609.0,0.0,0.0,engine,1,1,0,20000,sync_off,engine_p1_w1_i0_t20000
9.13,29336.0,0.0,146680.0,2660263.2,2647604.0,2668084.0,175123.8,86677.0,202609.0,0.0,0.0,engine,1,1,0,20000,sync_off,engine_p1_w1_i0_t20000
9.23,29366.336633663363,0.0,146831.6831683168,2660270.4,2647640.0,2668084.0,175268.2,87399.0,202609.0,0.0,0.0,engine,1,1,0,20000,sync_off,engine_p1_w1_i0_t20000
9.33,29656.0,0.0,148280.0,2660270.4,2647640.0,2668084.0,175430.4,88210.0,202609.0,0.0,0.0,engine,1,1,0,20000,sync_off,engine_p1_w1_i0_t20000
9.43,29276.0,0.0,146380.0,2660270.4,2647640.0,2668084.0,175587.6,88996.0,202609.0,0.0,0.0,engine,1,1,0,20000,sync_off,engine_p1_w1_i0_t20000
9.53,0.0,0.0,0.0,2663428.0,2658724.0,2668084.0,197235.5,189022.0,202609.0,0.0,0.0,engine,1,1,0,20000,sync_off,engine_p1_w1_i0_t20000
9.54,147277.22772277228,147277.22772277228,147277.22772277228,2647788.0,2647788.0,2647788.0,89731.0,89731.0,89731.0,0.0,0.0,engine,1,1,0,20000,sync_off,engine_p1_w1_i0_t20000
9.63,29404.0,0.0,147020.0,2660387.2,2648224.0,2668084.0,175891.6,90516.0,202609.0,0.0,0.0,engine,1,1,0,20000,sync_off,engine_p1_w1_i0_t20000
9.73,28898.0,0.0,144490.0,2660440.0,2648488.0,2668084.0,176043.4,91275.0,202609.0,0.0,0.0,engine,1,1,0,20000,sync_off,engine_p1_w1_i0_t20000
9.83,0.0,0.0,0.0,2662821.3333333335,2658724.0,2668084.0,195444.33333333334,189022.0,201128.0,0.0,0.0,engine,1,1,0,20000,sync_off,engine_p1_w1_i0_t20000
9.84,72138.61386138614,0.0,144277.22772277228,2656938.0,2648628.0,2665248.0,147320.0,92031.0,202609.0,0.0,0.0,engine,1,1,0,20000,sync_off,engine_p1_w1_i0_t20000
9.93,0.0,0.0,0.0,2660190.0,2658724.0,2661656.0,192602.5,189022.0,196183.0,0.0,0.0,engine,1,1,0,20000,sync_off,engine_p1_w1_i0_t20000
9.94,48296.666666666664,0.0,144890.0,2660657.3333333335,2648640.0,2668084.0,165486.33333333334,92722.0,202609.0,0.0,0.0,engine,1,1,0,20000,sync_off,engine_p1_w1_i0_t20000
10.03,0.0,0.0,0.0,2658724.0,2658724.0,2658724.0,189022.0,189022.0,189022.0,0.0,0.0,engine,1,1,0,20000,sync_off,engine_p1_w1_i0_t20000
10.04,36123.762376237624,0.0,144495.0495049505,2660907.0,2648640.0,2668084.0,173358.0,93512.0,202609.0,0.0,0.0,engine,1,1,0,20000,sync_off,engine_p1_w1_i0_t20000
10.13,15554.455445544554,0.0,46663.36633663366,2662920.0,2659020.0,2668084.0,195535.33333333334,189295.0,201128.0,0.0,0.0,engine,1,1,0,20000,sync_off,engine_p1_w1_i0_t20000
10.14,75000.0,0.0,150000.0,2656944.0,2648640.0,2665248.0,148451.5,94294.0,202609.0,0.0,0.0,engine,1,1,0,20000,sync_off,engine_p1_w1_i0_t20000
10.23,71215.0,0.0,142430.0,2650164.0,2638672.0,2661656.0,193109.5,190036.0,196183.0,0.0,0.0,engine,1,1,0,20000,sync_off,engine_p1_w1_i0_t20000
10.24,57533.333333333336,0.0,172600.0,2660657.3333333335,2648640.0,2668084.0,166285.66666666666,95120.0,202609.0,0.0,0.0,engine,1,1,0,20000,sync_off,engine_p1_w1_i0_t20000
10.34,58564.35643564355,0.0,146821.7821782178,2656652.8,2639472.0,2668084.0,177526.8,95875.0,202609.0,0.0,0.0,engine,1,1,0,20000,sync_off,engine_p1_w1_i0_t20000
10.44,62020.0,0.0,161570.0,2656918.4,2640284.0,2668084.0,178437.4,96649.0,202609.0,0.0,0.0,engine,1,1,0,20000,sync_off,engine_p1_w1_i0_t20000
10.54,60153.78217821782,0.0,154660.0,2657123.2,2641092.0,2668084.0,178745.0,97401.0,202609.0,0.0,0.0,engine,1,1,0,20000,sync_off,engine_p1_w1_i0_t20000
10.64,67965.36633663366,0.0,193316.8316831683,2657383.2,2642264.0,2668084.0,179111.6,98209.0,202609.0,0.0,0.0,engine,1,1,0,20000,sync_off,engine_p1_w1_i0_t20000
10.74,60962.0,0.0,157280.0,2657559.2,2643088.0,2668084.0,179439.6,99030.0,202609.0,0.0,0.0,engine,1,1,0,20000,sync_off,engine_p1_w1_i0_t20000
10.84,57982.178217821776,0.0,145910.8910891089,2657697.6,2643768.0,2668084.0,179726.6,99754.0,202609.0,0.0,0.0,engine,1,1,0,20000,sync_off,engine_p1_w1_i0_t20000
10.94,53154.0,0.0,146260.0,2657828.0,2644420.0,2668084.0,179996.6,100455.0,202609.0,0.0,0.0,engine,1,1,0,20000,sync_off,engine_p1_w1_i0_t20000
11.04,59168.732673267325,0.0,149210.0,2657976.8,2645164.0,2668084.0,154816.4,72977.0,202609.0,0.0,0.0,engine,1,1,0,20000,sync_off,engine_p1_w1_i0_t20000
11.14,58852.0198019802,0.0,148270.0,2658029.6,2645312.0,2668084.0,155114.6,73732.0,202609.0,0.0,0.0,engine,1,1,0,20000,sync_off,engine_p1_w1_i0_t20000
11.24,58348.0,0.0,145970.0,2658132.8,2645312.0,2668084.0,155417.0,74513.0,202609.0,0.0,0.0,engine,1,1,0,20000,sync_off,engine_p1_w1_i0_t20000
11.34,57582.178217821776,0.0,145079.20792079208,2658172.8,2645312.0,2668084.0,155713.2,75238.0,202609.0,0.0,0.0,engine,1,1,0,20000,sync_off,engine_p1_w1_i0_t20000
11.44,58440.0,0.0,147850.0,2658196.0,2645312.0,2668084.0,156014.0,75961.0,202609.0,0.0,0.0,engine,1,1,0,20000,sync_off,engine_p1_w1_i0_t20000
11.54,58622.0,0.0,146580.0,2658198.4,2645312.0,2668084.0,156314.4,76694.0,202609.0,0.0,0.0,engine,1,1,0,20000,sync_off,engine_p1_w1_i0_t20000
11.64,58219.80198019801,0.0,145623.7623762376,2658203.2,2645312.0,2668084.0,156619.8,77476.0,202609.0,0.0,0.0,engine,1,1,0,20000,sync_off,engine_p1_w1_i0_t20000
11.74,57940.0,0.0,145720.0,2658276.0,2645312.0,2668084.0,156907.4,78198.0,202609.0,0.0,0.0,engine,1,1,0,20000,sync_off,engine_p1_w1_i0_t20000
11.84,58557.9207920792,0.0,147750.0,2658362.4,2645312.0,2668084.0,157202.8,78931.0,202609.0,0.0,0.0,engine,1,1,0,20000,sync_off,engine_p1_w1_i0_t20000
11.94,58406.25742574257,0.0,147160.0,2658448.8,2645312.0,2668084.0,157520.4,79718.0,202609.0,0.0,0.0,engine,1,1,0,20000,sync_off,engine_p1_w1_i0_t20000
12.04,58456.0,0.0,146850.0,2658567.2,2645312.0,2668084.0,157830.0,80487.0,202609.0,0.0,0.0,engine,1,1,0,20000,sync_off,engine_p1_w1_i0_t20000
12.14,58198.93069306931,0.0,146460.0,2658729.6,2645400.0,2668084.0,158135.6,81261.0,202609.0,0.0,0.0,engine,1,1,0,20000,sync_off,engine_p1_w1_i0_t20000
12.24,57813.30693069308,0.0,145720.0,2658975.2,2645880.0,2668084.0,158433.6,81990.0,202609.0,0.0,0.0,engine,1,1,0,20000,sync_off,engine_p1_w1_i0_t20000
12.34,36557.5,0.0,146230.0,2660283.0,2646144.0,2668084.0,170679.0,82796.0,202609.0,0.0,0.0,engine,1,1,0,20000,sync_off,engine_p1_w1_i0_t20000
12.35,145287.1287128713,145287.1287128713,145287.1287128713,2654632.0,2654632.0,2654632.0,111033.0,111033.0,111033.0,0.0,0.0,engine,1,1,0,20000,sync_off,engine_p1_w1_i0_t20000
12.44,36047.02970297029,0.0,144188.11881188117,2660394.0,2646588.0,2668084.0,170870.25,83561.0,202609.0,0.0,0.0,engine,1,1,0,20000,sync_off,engine_p1_w1_i0_t20000
12.45,148400.0,148400.0,148400.0,2654848.0,2654848.0,2654848.0,111746.0,111746.0,111746.0,0.0,0.0,engine,1,1,0,20000,sync_off,engine_p1_w1_i0_t20000
12.54,36305.0,0.0,145220.0,2660485.0,2646952.0,2668084.0,171057.0,84308.0,202609.0,0.0,0.0,engine,1,1,0,20000,sync_off,engine_p1_w1_i0_t20000
12.55,143130.0,143130.0,143130.0,2655328.0,2655328.0,2655328.0,112495.0,112495.0,112495.0,0.0,0.0,engine,1,1,0,20000,sync_off,engine_p1_w1_i0_t20000
12.64,37300.0,0.0,149200.0,2660541.0,2647176.0,2668084.0,171238.0,85032.0,202609.0,0.0,0.0,engine,1,1,0,20000,sync_off,engine_p1_w1_i0_t20000
12.65,144613.8613861386,144613.8613861386,144613.8613861386,2655848.0,2655848.0,2655848.0,113228.0,113228.0,113228.0,0.0,0.0,engine,1,1,0,20000,sync_off,engine_p1_w1_i0_t20000
12.74,35549.504950495044,0.0,142198.01980198018,2660560.0,2647252.0,2668084.0,171429.25,85797.0,202609.0,0.0,0.0,engine,1,1,0,20000,sync_off,engine_p1_w1_i0_t20000
12.75,149250.0,149250.0,149250.0,2656084.0,2656084.0,2656084.0,113984.0,113984.0,113984.0,0.0,0.0,engine,1,1,0,20000,sync_off,engine_p1_w1_i0_t20000
12.85,58292.25742574257,0.0,145871.28712871287,2659770.4,2647252.0,2668084.0,160243.6,86565.0,202609.0,0.0,0.0,engine,1,1,0,20000,sync_off,engine_p1_w1_i0_t20000
12.95,59280.0,0.0,150160.0,2659835.2,2647252.0,2668084.0,160554.2,87320.0,202609.0,0.0,0.0,engine,1,1,0,20000,sync_off,engine_p1_w1_i0_t20000
13.05,76483.02970297029,0.0,145190.0,2660007.2,2647252.0,2668084.0,160953.6,88047.0,202609.0,0.0,0.0,engine,1,1,0,20000,sync_off,engine_p1_w1_i0_t20000
13.15,86835.10891089108,0.0,145370.0,2655184.8,2637544.0,2668084.0,161400.6,88793.0,202609.0,0.0,0.0,engine,1,1,0,20000,sync_off,engine_p1_w1_i0_t20000
13.25,88452.67326732674,0.0,150386.13861386137,2656243.2,2642648.0,2668084.0,149000.2,89604.0,202609.0,0.0,0.0,engine,1,1,0,20000,sync_off,engine_p1_w1_i0_t20000
13.35,87235.9603960396,0.0,147500.0,2656382.4,2643000.0,2668084.0,149445.0,90316.0,202609.0,0.0,0.0,engine,1,1,0,20000,sync_off,engine_p1_w1_i0_t20000
13.45,95092.47524752475,0.0,184350.0,2656510.4,2643040.0,2668084.0,149929.6,91080.0,202609.0,0.0,0.0,engine,1,1,0,20000,sync_off,engine_p1_w1_i0_t20000
13.55,90128.45544554455,0.0,158160.0,2656618.4,2643076.0,2668084.0,150394.4,91860.0,202609.0,0.0,0.0,engine,1,1,0,20000,sync_off,engine_p1_w1_i0_t20000
13.65,87201.9405940594,0.0,147620.0,2656706.4,2643088.0,2668084.0,150836.2,92559.0,202609.0,0.0,0.0,engine,1,1,0,20000,sync_off,engine_p1_w1_i0_t20000
13.75,88351.62376237623,0.0,147820.0,2656764.0,2643088.0,2668084.0,151300.2,93297.0,202609.0,0.0,0.0,engine,1,1,0,20000,sync_off,engine_p1_w1_i0_t20000
13.85,92931.46534653465,0.0,173267.32673267325,2656778.4,2643088.0,2668084.0,151769.2,94175.0,202609.0,0.0,0.0,engine,1,1,0,20000,sync_off,engine_p1_w1_i0_t20000
13.95,88930.9504950495,0.0,155130.0,2656883.2,2643088.0,2668084.0,152231.4,94974.0,202609.0,0.0,0.0,engine,1,1,0,20000,sync_off,engine_p1_w1_i0_t20000
14.05,88192.0,0.0,147470.0,2656936.8,2643088.0,2668084.0,152677.0,95711.0,202609.0,0.0,0.0,engine,1,1,0,20000,sync_off,engine_p1_w1_i0_t20000
14.15,87550.49504950494,0.0,147504.9504950495,2656949.6,2643088.0,2668084.0,153147.8,96509.0,202609.0,0.0,0.0,engine,1,1,0,20000,sync_off,engine_p1_w1_i0_t20000
14.25,88322.0,0.0,148260.0,2656951.2,2643088.0,2668084.0,153597.8,97272.0,202609.0,0.0,0.0,engine,1,1,0,20000,sync_off,engine_p1_w1_i0_t20000
14.35,87612.71287128713,0.0,146540.0,2657000.8,2643088.0,2668084.0,154037.2,98027.0,202609.0,0.0,0.0,engine,1,1,0,20000,sync_off,engine_p1_w1_i0_t20000
14.45,87084.59405940594,0.0,147720.0,2657172.8,2643512.0,2668084.0,154485.4,98787.0,202609.0,0.0,0.0,engine,1,1,0,20000,sync_off,engine_p1_w1_i0_t20000
14.55,93482.0,0.0,175830.0,2657292.8,2643844.0,2668084.0,154960.2,99506.0,202609.0,0.0,0.0,engine,1,1,0,20000,sync_off,engine_p1_w1_i0_t20000
14.65,89681.18811881187,0.0,157960.39603960395,2657430.4,2643984.0,2668084.0,155427.0,100281.0,202609.0,0.0,0.0,engine,1,1,0,20000,sync_off,engine_p1_w1_i0_t20000
14.75,72622.5,0.0,146070.0,2656800.0,2643984.0,2668084.0,162527.5,101015.0,202609.0,0.0,0.0,engine,1,1,0,20000,sync_off,engine_p1_w1_i0_t20000
14.76,145600.0,145600.0,145600.0,2661116.0,2661116.0,2661116.0,129271.0,129271.0,129271.0,0.0,0.0,engine,1,1,0,20000,sync_off,engine_p1_w1_i0_t20000
14.85,73402.5,0.0,148140.0,2656975.0,2643984.0,2668084.0,162907.75,101778.0,202609.0,0.0,0.0,engine,1,1,0,20000,sync_off,engine_p1_w1_i0_t20000
14.86,147890.0,147890.0,147890.0,2661728.0,2661728.0,2661728.0,130044.0,130044.0,130044.0,0.0,0.0,engine,1,1,0,20000,sync_off,engine_p1_w1_i0_t20000
14.95,72893.56435643564,0.0,146000.0,2657269.0,2644376.0,2668084.0,163305.25,102560.0,202609.0,0.0,0.0,engine,1,1,0,20000,sync_off,engine_p1_w1_i0_t20000
14.96,146455.44554455444,146455.44554455444,146455.44554455444,2662068.0,2662068.0,2662068.0,130788.0,130788.0,130788.0,0.0,0.0,engine,1,1,0,20000,sync_off,engine_p1_w1_i0_t20000
15.05,73462.5,0.0,148370.0,2657535.0,2644776.0,2668084.0,163694.5,103356.0,202609.0,0.0,0.0,engine,1,1,0,20000,sync_off,engine_p1_w1_i0_t20000
15.06,164700.0,164700.0,164700.0,2662228.0,2662228.0,2662228.0,134706.0,134706.0,134706.0,0.0,0.0,engine,1,1,0,20000,sync_off,engine_p1_w1_i0_t20000
15.15,72571.7821782178,0.0,145336.63366336632,2657639.0,2645004.0,2668084.0,164069.5,104147.0,202609.0,0.0,0.0,engine,1,1,0,20000,sync_off,engine_p1_w1_i0_t20000
15.16,165534.65346534652,165534.65346534652,165534.65346534652,2662348.0,2662348.0,2662348.0,136501.0,136501.0,136501.0,0.0,0.0,engine,1,1,0,20000,sync_off,engine_p1_w1_i0_t20000
15.25,147060.0,147060.0,147060.0,2652252.0,2652252.0,2652252.0,104897.0,104897.0,104897.0,0.0,0.0,engine,1,1,0,20000,sync_off,engine_p1_w1_i0_t20000
15.26,77927.5,0.0,165350.0,2660273.0,2645008.0,2668084.0,156620.0,73573.0,202609.0,0.0,0.0,engine,1,1,0,20000,sync_off,engine_p1_w1_i0_t20000
15.35,147440.0,147440.0,147440.0,2652252.0,2652252.0,2652252.0,105643.0,105643.0,105643.0,0.0,0.0,engine,1,1,0,20000,sync_off,engine_p1_w1_i0_t20000
15.36,74222.47524752475,0.0,151880.0,2660366.0,2645028.0,2668084.0,156999.5,74324.0,202609.0,0.0,0.0,engine,1,1,0,20000,sync_off,engine_p1_w1_i0_t20000
15.46,86566.0396039604,0.0,145306.9306930693,2658824.8,2645116.0,2668084.0,147182.8,75069.0,202609.0,0.0,0.0,engine,1,1,0,20000,sync_off,engine_p1_w1_i0_t20000
15.55,145150.0,145150.0,145150.0,2652276.0,2652276.0,2652276.0,107128.0,107128.0,107128.0,0.0,0.0,engine,1,1,0,20000,sync_off,engine_p1_w1_i0_t20000
15.56,73342.5,0.0,147340.0,2660697.0,2645532.0,2668084.0,157760.0,75874.0,202609.0,0.0,0.0,engine,1,1,0,20000,sync_off,engine_p1_w1_i0_t20000
15.65,146620.0,146620.0,146620.0,2652724.0,2652724.0,2652724.0,107912.0,107912.0,107912.0,0.0,0.0,engine,1,1,0,20000,sync_off,engine_p1_w1_i0_t20000
15.66,72675.74257425743,0.0,146178.21782178216,2660885.0,2646056.0,2668084.0,158126.75,76614.0,202609.0,0.0,0.0,engine,1,1,0,20000,sync_off,engine_p1_w1_i0_t20000
15.76,87558.63366336634,0.0,146200.0,2659417.6,2646404.0,2668084.0,148526.8,77335.0,202609.0,0.0,0.0,engine,1,1,0,20000,sync_off,engine_p1_w1_i0_t20000
15.86,87595.50495049504,0.0,147190.0,2659467.2,2646448.0,2668084.0,148988.6,78111.0,202609.0,0.0,0.0,engine,1,1,0,20000,sync_off,engine_p1_w1_i0_t20000
15.96,87268.77227722772,0.0,148730.0,2659492.0,2646508.0,2668084.0,149433.6,78849.0,202609.0,0.0,0.0,engine,1,1,0,20000,sync_off,engine_p1_w1_i0_t20000
16.06,88754.0,0.0,149100.0,2659598.4,2647040.0,2668084.0,149873.6,79607.0,202609.0,0.0,0.0,engine,1,1,0,20000,sync_off,engine_p1_w1_i0_t20000
16.16,87101.14851485149,0.0,146080.0,2659750.4,2647800.0,2668084.0,150319.4,80351.0,202609.0,0.0,0.0,engine,1,1,0,20000,sync_off,engine_p1_w1_i0_t20000
16.26,87126.0198019802,0.0,146730.0,2659900.0,2648548.0,2668084.0,150754.8,81098.0,202609.0,0.0,0.0,engine,1,1,0,20000,sync_off,engine_p1_w1_i0_t20000
16.36,87250.9504950495,0.0,147130.0,2660025.6,2649172.0,2668084.0,151196.8,81833.0,202609.0,0.0,0.0,engine,1,1,0,20000,sync_off,engine_p1_w1_i0_t20000
16.46,87840.23762376237,0.0,147290.0,2660147.2,2649472.0,2668084.0,151652.2,82562.0,202609.0,0.0,0.0,engine,1,1,0,20000,sync_off,engine_p1_w1_i0_t20000
16.56,87529.9801980198,0.0,148640.0,2660343.2,2649860.0,2668084.0,152126.4,83341.0,202609.0,0.0,0.0,engine,1,1,0,20000,sync_off,engine_p1_w1_i0_t20000
16.66,91849.14851485149,0.0,166425.74257425743,2660611.2,2650524.0,2668084.0,152605.6,84231.0,202609.0,0.0,0.0,engine,1,1,0,20000,sync_off,engine_p1_w1_i0_t20000
16.76,91488.0,0.0,164690.0,2660999.2,2651232.0,2668084.0,153080.4,85135.0,202609.0,0.0,0.0,engine,1,1,0,20000,sync_off,engine_p1_w1_i0_t20000
16.86,87844.61386138613,0.0,149530.0,2661363.2,2651944.0,2668084.0,153526.4,85891.0,202609.0,0.0,0.0,engine,1,1,0,20000,sync_off,engine_p1_w1_i0_t20000
16.96,87693.64356435643,0.0,147170.0,2661724.0,2652712.0,2668084.0,153971.0,86626.0,202609.0,0.0,0.0,engine,1,1,0,20000,sync_off,engine_p1_w1_i0_t20000
17.06,91173.08910891089,0.0,166455.44554455444,2662141.6,2653464.0,2668084.0,154441.0,87355.0,202609.0,0.0,0.0,engine,1,1,0,20000,sync_off,engine_p1_w1_i0_t20000
17.16,92868.0,0.0,170560.0,2662471.2,2654208.0,2668528.0,154916.4,88092.0,202609.0,0.0,0.0,engine,1,1,0,20000,sync_off,engine_p1_w1_i0_t20000
17.26,74745.0,0.0,151080.0,2661060.0,2654564.0,2668084.0,172010.75,120234.0,202609.0,0.0,0.0,engine,1,1,0,20000,sync_off,engine_p1_w1_i0_t20000
17.27,145415.84158415842,145415.84158415842,145415.84158415842,2669084.0,2669084.0,2669084.0,88855.0,88855.0,88855.0,0.0,0.0,engine,1,1,0,20000,sync_off,engine_p1_w1_i0_t20000
17.36,87831.60396039604,0.0,147792.0792079208,2662745.6,2654664.0,2669388.0,155836.8,89621.0,202609.0,0.0,0.0,engine,1,1,0,20000,sync_off,engine_p1_w1_i0_t20000
17.46,85334.25742574257,0.0,146650.0,2657399.0,2650484.0,2668084.0,156781.5,121745.0,201128.0,0.0,0.0,engine,1,1,0,20000,sync_off,engine_p1_w1_i0_t20000
17.47,147920.79207920792,147920.79207920792,147920.79207920792,2669920.0,2669920.0,2669920.0,90382.0,90382.0,90382.0,0.0,0.0,engine,1,1,0,20000,sync_off,engine_p1_w1_i0_t20000
17.56,108550.0,0.0,177840.0,2658621.3333333335,2651380.0,2668084.0,154407.33333333334,122499.0,201128.0,0.0,0.0,engine,1,1,0,20000,sync_off,engine_p1_w1_i0_t20000
17.57,147173.1683168317,146366.33663366336,147980.0,2662394.0,2654676.0,2670112.0,128742.5,91166.0,166319.0,0.0,0.0,engine,1,1,0,20000,sync_off,engine_p1_w1_i0_t20000
17.66,111912.77227722772,0.0,157663.36633663366,2657849.0,2651868.0,2668084.0,157951.25,123241.0,201128.0,0.0,0.0,engine,1,1,0,20000,sync_off,engine_p1_w1_i0_t20000
17.67,143670.0,143670.0,143670.0,2670516.0,2670516.0,2670516.0,91905.0,91905.0,91905.0,0.0,0.0,engine,1,1,0,20000,sync_off,engine_p1_w1_i0_t20000
17.76,98816.66666666667,0.0,149660.0,2658854.6666666665,2652080.0,2668084.0,155452.0,124011.0,201128.0,0.0,0.0,engine,1,1,0,20000,sync_off,engine_p1_w1_i0_t20000
17.77,154287.67326732673,143465.34653465345,165110.0,2663196.0,2655472.0,2670920.0,130262.5,92652.0,167873.0,0.0,0.0,engine,1,1,0,20000,sync_off,engine_p1_w1_i0_t20000
17.86,121213.33333333333,69750.0,147500.0,2651960.0,2647368.0,2656400.0,134704.66666666666,124792.0,141985.0,0.0,0.0,engine,1,1,0,20000,sync_off,engine_p1_w1_i0_t20000
17.87,157161.38613861386,146600.0,167722.77227722772,2663474.0,2655876.0,2671072.0,131058.5,93402.0,168715.0,0.0,0.0,engine,1,1,0,20000,sync_off,engine_p1_w1_i0_t20000
17.96,146224.42244224422,145237.62376237623,146811.8811881188,2652212.0,2648124.0,2656400.0,135469.0,125545.0,142771.0,0.0,0.0,engine,1,1,0,20000,sync_off,engine_p1_w1_i0_t20000
17.97,147393.46534653465,145306.9306930693,149480.0,2663924.0,2656320.0,2671528.0,131815.5,94181.0,169450.0,0.0,0.0,engine,1,1,0,20000,sync_off,engine_p1_w1_i0_t20000
18.06,145170.0,145170.0,145170.0,2656400.0,2656400.0,2656400.0,126332.0,126332.0,126332.0,0.0,0.0,engine,1,1,0,20000,sync_off,engine_p1_w1_i0_t20000
18.07,145792.5,144160.0,147140.0,2657275.0,2648532.0,2671808.0,136850.5,94887.0,170154.0,0.0,0.0,engine,1,1,0,20000,sync_off,engine_p1_w1_i0_t20000
18.16,145405.0,142770.0,148040.0,2652656.0,2648532.0,2656780.0,133334.0,127007.0,139661.0,0.0,0.0,engine,1,1,0,20000,sync_off,engine_p1_w1_i0_t20000
18.17,146355.77557755774,145861.38613861386,146800.0,2660518.6666666665,2652392.0,2672216.0,136954.0,95682.0,170857.0,0.0,0.0,engine,1,1,0,20000,sync_off,engine_p1_w1_i0_t20000
18.27,145686.21782178216,142495.0495049505,148170.0,2657712.8,2648532.0,2672548.0,136264.0,96445.0,171594.0,0.0,0.0,engine,1,1,0,20000,sync_off,engine_p1_w1_i0_t20000
18.36,146610.0,146610.0,146610.0,2657368.0,2657368.0,2657368.0,128522.0,128522.0,128522.0,0.0,0.0,engine,1,1,0,20000,sync_off,engine_p1_w1_i0_t20000
18.37,146737.27722772278,145158.41584158415,147620.0,2658195.0,2648532.0,2672928.0,139158.5,97213.0,172383.0,0.0,0.0,engine,1,1,0,20000,sync_off,engine_p1_w1_i0_t20000
18.47,146789.78217821784,144990.099009901,149000.0,2658388.8,2648532.0,2673328.0,137777.2,97979.0,173084.0,0.0,0.0,engine,1,1,0,20000,sync_off,engine_p1_w1_i0_t20000
18.57,147208.0,145340.0,149490.0,2658664.8,2648532.0,2673616.0,138522.6,98757.0,173843.0,0.0,0.0,engine,1,1,0,20000,sync_off,engine_p1_w1_i0_t20000
18.67,144955.1287128713,142445.54455445544,146900.0,2659007.2,2648536.0,2674140.0,139266.2,99484.0,174582.0,0.0,0.0,engine,1,1,0,20000,sync_off,engine_p1_w1_i0_t20000
18.77,145946.81188118813,145257.42574257424,146570.0,2659536.0,2648536.0,2674776.0,140013.8,100213.0,175359.0,0.0,0.0,engine,1,1,0,20000,sync_off,engine_p1_w1_i0_t20000
18.87,149710.69306930693,146128.7128712871,162330.0,2660157.6,2648576.0,2675476.0,141603.4,100936.0,176155.0,0.0,0.0,engine,1,1,0,20000,sync_off,engine_p1_w1_i0_t20000
18.97,148403.62376237623,143257.42574257424,154821.7821782178,2660719.2,2648576.0,2676160.0,142373.4,101710.0,176923.0,0.0,0.0,engine,1,1,0,20000,sync_off,engine_p1_w1_i0_t20000
19.07,145038.0,143130.0,146400.0,2661117.6,2648576.0,2676504.0,143097.4,102420.0,177656.0,0.0,0.0,engine,1,1,0,20000,sync_off,engine_p1_w1_i0_t20000
19.17,145811.56435643564,143930.69306930693,148110.0,2661509.6,2648576.0,2676852.0,143855.8,103222.0,178400.0,0.0,0.0,engine,1,1,0,20000,sync_off,engine_p1_w1_i0_t20000
19.27,146668.77227722772,145200.0,149500.0,2661902.4,2648576.0,2677272.0,144613.4,103981.0,179148.0,0.0,0.0,engine,1,1,0,20000,sync_off,engine_p1_w1_i0_t20000
19.37,146453.2673267327,143940.0,149130.0,2662330.4,2648576.0,2677612.0,145383.2,104768.0,179865.0,0.0,0.0,engine,1,1,0,20000,sync_off,engine_p1_w1_i0_t20000
19.47,146057.44554455444,145059.40594059406,147160.0,2662837.6,2648576.0,2678164.0,133293.8,76773.0,180617.0,0.0,0.0,engine,1,1,0,20000,sync_off,engine_p1_w1_i0_t20000
19.57,146033.0693069307,144190.0,147490.0,2663335.2,2648576.0,2678856.0,134039.2,77508.0,181340.0,0.0,0.0,engine,1,1,0,20000,sync_off,engine_p1_w1_i0_t20000
19.67,151033.94059405942,143366.33663366336,173950.49504950494,2663791.2,2648576.0,2679652.0,134802.6,78219.0,182044.0,0.0,0.0,engine,1,1,0,20000,sync_off,engine_p1_w1_i0_t20000
19.77,146832.63366336634,143584.15841584158,153510.0,2664258.4,2648576.0,2680392.0,135560.6,78967.0,182825.0,0.0,0.0,engine,1,1,0,20000,sync_off,engine_p1_w1_i0_t20000
19.87,146254.25742574257,144485.14851485146,148049.50495049503,2660624.0,2648576.0,2665152.0,143256.25,79722.0,183649.0,0.0,0.0,engine,1,1,0,20000,sync_off,engine_p1_w1_i0_t20000
19.88,145490.0,145490.0,145490.0,2681044.0,2681044.0,2681044.0,108584.0,108584.0,108584.0,0.0,0.0,engine,1,1,0,20000,sync_off,engine_p1_w1_i0_t20000
19.97,147448.24257425743,145702.9702970297,149100.0,2661009.0,2648580.0,2665920.0,144025.25,80471.0,184412.0,0.0,0.0,engine,1,1,0,20000,sync_off,engine_p1_w1_i0_t20000
19.98,187150.0,187150.0,187150.0,2681384.0,2681384.0,2681384.0,109568.0,109568.0,109568.0,0.0,0.0,engine,1,1,0,20000,sync_off,engine_p1_w1_i0_t20000
20.07,147227.5,145240.0,148530.0,2661490.0,2649056.0,2666680.0,144766.25,81220.0,185100.0,0.0,0.0,engine,1,1,0,20000,sync_off,engine_p1_w1_i0_t20000
20.08,153049.50495049503,153049.50495049503,153049.50495049503,2681648.0,2681648.0,2681648.0,110381.0,110381.0,110381.0,0.0,0.0,engine,1,1,0,20000,sync_off,engine_p1_w1_i0_t20000
20.17,145982.04620462048,145316.8316831683,147069.30693069307,2660660.0,2649380.0,2667492.0,132086.66666666666,81977.0,159533.0,0.0,0.0,engine,1,1,0,20000,sync_off,engine_p1_w1_i0_t20000
20.18,144723.2673267327,143346.53465346535,146100.0,2674012.0,2665884.0,2682140.0,148499.0,111125.0,185873.0,0.0,0.0,engine,1,1,0,20000,sync_off,engine_p1_w1_i0_t20000
20.27,146693.41584158415,144633.66336633664,148210.0,2662371.0,2649576.0,2668268.0,146287.75,82699.0,186609.0,0.0,0.0,engine,1,1,0,20000,sync_off,engine_p1_w1_i0_t20000
20.28,146603.9603960396,146603.9603960396,146603.9603960396,2682756.0,2682756.0,2682756.0,111941.0,111941.0,111941.0,0.0,0.0,engine,1,1,0,20000,sync_off,engine_p1_w1_i0_t20000
20.37,181470.0,181470.0,181470.0,2665108.0,2665108.0,2665108.0,83639.0,83639.0,83639.0,0.0,0.0,engine,1,1,0,20000,sync_off,engine_p1_w1_i0_t20000
20.38,144486.21287128713,143425.74257425743,145430.0,2667225.0,2649600.0,2683480.0,154338.75,112707.0,187318.0,0.0,0.0,engine,1,1,0,20000,sync_off,engine_p1_w1_i0_t20000
20.47,153240.0,153240.0,153240.0,2665108.0,2665108.0,2665108.0,84430.0,84430.0,84430.0,0.0,0.0,engine,1,1,0,20000,sync_off,engine_p1_w1_i0_t20000
20.48,145497.5,144600.0,146280.0,2667655.0,2649600.0,2684240.0,155075.25,113456.0,188017.0,0.0,0.0,engine,1,1,0,20000,sync_off,engine_p1_w1_i0_t20000
20.57,146178.3498349835,144300.0,148740.0,2661750.6666666665,2649600.0,2670544.0,135159.66666666666,85146.0,162558.0,0.0,0.0,engine,1,1,0,20000,sync_off,engine_p1_w1_i0_t20000
20.58,144925.59405940594,142881.18811881187,146970.0,2676068.0,2667172.0,2684964.0,151466.5,114187.0,188746.0,0.0,0.0,engine,1,1,0,20000,sync_off,engine_p1_w1_i0_t20000
20.67,147920.0,147920.0,147920.0,2665108.0,2665108.0,2665108.0,85867.0,85867.0,85867.0,0.0,0.0,engine,1,1,0,20000,sync_off,engine_p1_w1_i0_t20000
20.68,145480.86633663366,141980.19801980196,148990.099009901,2668608.0,2649696.0,2685700.0,156583.75,114945.0,189501.0,0.0,0.0,engine,1,1,0,20000,sync_off,engine_p1_w1_i0_t20000
20.77,146200.0,146200.0,146200.0,2665108.0,2665108.0,2665108.0,86644.0,86644.0,86644.0,0.0,0.0,engine,1,1,0,20000,sync_off,engine_p1_w1_i0_t20000
20.78,147160.24752475246,144900.99009900988,148570.0,2669234.0,2650232.0,2686232.0,157357.25,115704.0,190238.0,0.0,0.0,engine,1,1,0,20000,sync_off,engine_p1_w1_i0_t20000
20.88,152768.9108910891,144217.82178217822,180900.99009900988,2668856.8,2650476.0,2686528.0,144001.6,87394.0,190978.0,0.0,0.0,engine,1,1,0,20000,sync_off,engine_p1_w1_i0_t20000
20.98,148404.0,146820.0,149710.0,2669243.2,2650564.0,2686868.0,144752.0,88131.0,191728.0,0.0,0.0,engine,1,1,0,20000,sync_off,engine_p1_w1_i0_t20000
21.08,153295.40594059406,144980.19801980196,181550.0,2669638.4,2650568.0,2687184.0,145534.8,88915.0,192645.0,0.0,0.0,engine,1,1,0,20000,sync_off,engine_p1_w1_i0_t20000
21.18,146974.75247524751,145623.7623762376,149306.9306930693,2670044.0,2650656.0,2687656.0,146272.4,89655.0,193373.0,0.0,0.0,engine,1,1,0,20000,sync_off,engine_p1_w1_i0_t20000
21.28,145299.0495049505,144140.0,145770.0,2670430.4,2650732.0,2687992.0,147011.6,90372.0,194142.0,0.0,0.0,engine,1,1,0,20000,sync_off,engine_p1_w1_i0_t20000
21.38,146619.70297029702,141465.34653465345,151683.16831683167,2670833.6,2650812.0,2688296.0,147980.6,91113.0,195968.0,0.0,0.0,engine,1,1,0,20000,sync_off,engine_p1_w1_i0_t20000
21.48,151898.0,145820.0,172090.0,2671300.8,2650840.0,2688836.0,149354.6,91903.0,199891.0,0.0,0.0,engine,1,1,0,20000,sync_off,engine_p1_w1_i0_t20000
21.58,145717.900990099,144300.0,147540.0,2671693.6,2650840.0,2689512.0,150117.2,92630.0,200672.0,0.0,0.0,engine,1,1,0,20000,sync_off,engine_p1_w1_i0_t20000
21.68,146075.78217821784,143564.35643564357,148270.0,2671988.8,2650840.0,2689856.0,150871.2,93364.0,201418.0,0.0,0.0,engine,1,1,0,20000,sync_off,engine_p1_w1_i0_t20000
21.78,146036.0,144710.0,148920.0,2672264.0,2650840.0,2689936.0,151619.6,94073.0,202143.0,0.0,0.0,engine,1,1,0,20000,sync_off,engine_p1_w1_i0_t20000
21.88,144742.57425742573,142435.64356435643,146782.17821782178,2672552.0,2650884.0,2690112.0,152356.4,94809.0,202916.0,0.0,0.0,engine,1,1,0,20000,sync_off,engine_p1_w1_i0_t20000
21.98,145198.0,141380.0,147080.0,2672984.0,2651364.0,2690636.0,153106.6,95499.0,203722.0,0.0,0.0,engine,1,1,0,20000,sync_off,engine_p1_w1_i0_t20000
22.08,146710.13861386137,145180.0,149130.0,2673567.2,2652064.0,2691280.0,153868.8,96312.0,204462.0,0.0,0.0,engine,1,1,0,20000,sync_off,engine_p1_w1_i0_t20000
22.18,146959.60396039602,145564.35643564357,149600.0,2674244.8,2652688.0,2692060.0,154630.0,97060.0,205250.0,0.0,0.0,engine,1,1,0,20000,sync_off,engine_p1_w1_i0_t20000
22.28,146674.0,143800.0,149750.0,2674720.8,2652948.0,2692620.0,155366.4,97782.0,205948.0,0.0,0.0,engine,1,1,0,20000,sync_off,engine_p1_w1_i0_t20000
22.38,145306.9306930693,144603.9603960396,146673.26732673266,2670745.0,2653492.0,2684364.0,163185.0,98542.0,206685.0,0.0,0.0,engine,1,1,0,20000,sync_off,engine_p1_w1_i0_t20000
22.39,144069.30693069307,144069.30693069307,144069.30693069307,2692992.0,2692992.0,2692992.0,127806.0,127806.0,127806.0,0.0,0.0,engine,1,1,0,20000,sync_off,engine_p1_w1_i0_t20000
22.48,145892.0,144620.0,147660.0,2675704.0,2654116.0,2693608.0,156860.0,99277.0,207441.0,0.0,0.0,engine,1,1,0,20000,sync_off,engine_p1_w1_i0_t20000
22.58,145956.66666666666,144420.0,148370.0,2669166.6666666665,2654628.0,2685932.0,150199.33333333334,100047.0,177785.0,0.0,0.0,engine,1,1,0,20000,sync_off,engine_p1_w1_i0_t20000
22.59,146287.1287128713,145009.900990099,147564.35643564357,2687034.0,2679764.0,2694304.0,168762.0,129323.0,208201.0,0.0,0.0,engine,1,1,0,20000,sync_off,engine_p1_w1_i0_t20000
22.68,145197.3514851485,143138.61386138614,148069.30693069307,2672381.0,2654864.0,2686708.0,165438.5,100765.0,208932.0,0.0,0.0,engine,1,1,0,20000,sync_off,engine_p1_w1_i0_t20000
22.69,146660.0,146660.0,146660.0,2695056.0,2695056.0,2695056.0,130124.0,130124.0,130124.0,0.0,0.0,engine,1,1,0,20000,sync_off,engine_p1_w1_i0_t20000
22.78,145956.66666666666,144560.0,147320.0,2670329.3333333335,2655432.0,2687448.0,151694.0,101552.0,179295.0,0.0,0.0,engine,1,1,0,20000,sync_off,engine_p1_w1_i0_t20000
22.79,145955.0,145020.0,146890.0,2688310.0,2680860.0,2695760.0,170255.0,130847.0,209663.0,0.0,0.0,engine,1,1,0,20000,sync_off,engine_p1_w1_i0_t20000
22.88,145300.0,145300.0,145300.0,2668468.0,2668468.0,2668468.0,102282.0,102282.0,102282.0,0.0,0.0,engine,1,1,0,20000,sync_off,engine_p1_w1_i0_t20000
22.89,150009.900990099,144000.0,163485.14851485146,2680563.0,2656208.0,2696496.0,174290.25,131606.0,210446.0,0.0,0.0,engine,1,1,0,20000,sync_off,engine_p1_w1_i0_t20000
22.98,153819.14191419142,144257.42574257424,168800.0,2671685.3333333335,2657084.0,2688944.0,153255.0,103015.0,180770.0,0.0,0.0,engine,1,1,0,20000,sync_off,engine_p1_w1_i0_t20000
22.99,147640.0,144970.0,150310.0,2689442.0,2681800.0,2697084.0,172304.0,133388.0,211220.0,0.0,0.0,engine,1,1,0,20000,sync_off,engine_p1_w1_i0_t20000
23.08,143650.0,143650.0,143650.0,2669616.0,2669616.0,2669616.0,103699.0,103699.0,103699.0,0.0,0.0,engine,1,1,0,20000,sync_off,engine_p1_w1_i0_t20000
23.09,151553.68811881187,145250.0,167050.0,2681694.0,2657872.0,2697084.0,176835.75,137071.0,212008.0,0.0,0.0,engine,1,1,0,20000,sync_off,engine_p1_w1_i0_t20000
23.18,143861.38613861386,143861.38613861386,143861.38613861386,2670372.0,2670372.0,2670372.0,104439.0,104439.0,104439.0,0.0,0.0,engine,1,1,0,20000,sync_off,engine_p1_w1_i0_t20000
23.19,165888.49009900988,143128.7128712871,229336.63366336632,2682190.0,2658632.0,2697084.0,162423.75,77126.0,212756.0,0.0,0.0,engine,1,1,0,20000,sync_off,engine_p1_w1_i0_t20000
23.28,146510.0,146510.0,146510.0,2671096.0,2671096.0,2671096.0,105165.0,105165.0,105165.0,0.0,0.0,engine,1,1,0,20000,sync_off,engine_p1_w1_i0_t20000
23.29,120722.67326732673,19930.69306930693,168600.0,2682593.0,2659372.0,2697084.0,163055.5,78002.0,212846.0,0.0,0.0,engine,1,1,0,20000,sync_off,engine_p1_w1_i0_t20000
23.38,147060.0,147060.0,147060.0,2671804.0,2671804.0,2671804.0,105900.0,105900.0,105900.0,0.0,0.0,engine,1,1,0,20000,sync_off,engine_p1_w1_i0_t20000
23.39,130420.59405940594,83920.0,148564.35643564357,2674149.0,2660128.0,2692152.0,163745.0,78787.0,213248.0,0.0,0.0,engine,1,1,0,20000,sync_off,engine_p1_w1_i0_t20000
23.48,142851.48514851485,142851.48514851485,142851.48514851485,2672104.0,2672104.0,2672104.0,106635.0,106635.0,106635.0,0.0,0.0,engine,1,1,0,20000,sync_off,engine_p1_w1_i0_t20000
23.49,145130.0,142990.0,147270.0,2674658.0,2660824.0,2692896.0,164479.5,79536.0,213972.0,0.0,0.0,engine,1,1,0,20000,sync_off,engine_p1_w1_i0_t20000
23.59,154123.48514851485,145780.0,180140.0,2674476.8,2661064.0,2693428.0,128232.8,80311.0,185456.0,0.0,0.0,engine,1,1,0,20000,sync_off,engine_p1_w1_i0_t20000
23.69,147883.34653465348,144386.13861386137,152504.9504950495,2674760.8,2661436.0,2693784.0,128990.8,81099.0,186240.0,0.0,0.0,engine,1,1,0,20000,sync_off,engine_p1_w1_i0_t20000
23.79,146501.1287128713,144820.0,149560.0,2675048.8,2661436.0,2694296.0,129740.6,81862.0,186956.0,0.0,0.0,engine,1,1,0,20000,sync_off,engine_p1_w1_i0_t20000
23.89,145853.9801980198,145000.0,146881.18811881187,2675377.6,2661436.0,2694960.0,130502.0,82640.0,187745.0,0.0,0.0,engine,1,1,0,20000,sync_off,engine_p1_w1_i0_t20000
23.99,145719.46534653465,144267.32673267325,148240.0,2675647.2,2661436.0,2695424.0,131236.2,83411.0,188439.0,0.0,0.0,engine,1,1,0,20000,sync_off,engine_p1_w1_i0_t20000
24.09,155876.57425742573,146330.0,190320.0,2675896.0,2661548.0,2696000.0,132056.8,84247.0,189431.0,0.0,0.0,engine,1,1,0,20000,sync_off,engine_p1_w1_i0_t20000
24.19,149791.20792079208,144504.9504950495,163990.099009901,2676112.8,2661928.0,2696492.0,132843.6,85013.0,190295.0,0.0,0.0,engine,1,1,0,20000,sync_off,engine_p1_w1_i0_t20000
24.29,153778.15841584158,144673.26732673266,177247.52475247523,2676428.0,2662668.0,2696868.0,133643.0,85798.0,191057.0,0.0,0.0,engine,1,1,0,20000,sync_off,engine_p1_w1_i0_t20000
24.39,148683.08910891088,143366.33663366336,161640.0,2676734.4,2663412.0,2697284.0,134400.2,86540.0,191788.0,0.0,0.0,engine,1,1,0,20000,sync_off,engine_p1_w1_i0_t20000
24.49,146318.33663366336,144330.0,149840.0,2676975.2,2664172.0,2697636.0,135160.8,87297.0,192597.0,0.0,0.0,engine,1,1,0,20000,sync_off,engine_p1_w1_i0_t20000
24.59,146111.20792079208,142550.0,151660.0,2677152.0,2664224.0,2697776.0,135910.6,88012.0,193390.0,0.0,0.0,engine,1,1,0,20000,sync_off,engine_p1_w1_i0_t20000
24.69,146554.1188118812,143366.33663366336,153138.61386138614,2677296.0,2664224.0,2697784.0,137057.4,88706.0,196199.0,0.0,0.0,engine,1,1,0,20000,sync_off,engine_p1_w1_i0_t20000
24.79,149921.40594059406,146297.0297029703,160840.0,2677456.0,2664224.0,2697804.0,138216.0,89476.0,198966.0,0.0,0.0,engine,1,1,0,20000,sync_off,engine_p1_w1_i0_t20000
24.89,146351.2673267327,141712.8712871287,150207.9207920792,2677676.8,2664224.0,2698100.0,113710.6,73371.0,190138.0,0.0,0.0,engine,1,1,0,20000,sync_off,engine_p1_w1_i0_t20000
24.99,146167.5,145380.0,147790.0,2680403.0,2664224.0,2698524.0,120315.5,74153.0,190891.0,0.0,0.0,engine,1,1,0,20000,sync_off,engine_p1_w1_i0_t20000
25.0,143811.8811881188,143811.8811881188,143811.8811881188,2667980.0,2667980.0,2667980.0,90996.0,90996.0,90996.0,0.0,0.0,engine,1,1,0,20000,sync_off,engine_p1_w1_i0_t20000
25.09,146147.7623762376,142960.39603960395,147430.0,2678020.0,2664224.0,2698704.0,115201.4,74863.0,191637.0,0.0,0.0,engine,1,1,0,20000,sync_off,engine_p1_w1_i0_t20000
25.19,145323.16831683167,143920.0,147455.44554455444,2678769.3333333335,2664224.0,2698768.0,129211.66666666667,75595.0,192394.0,0.0,0.0,engine,1,1,0,20000,sync_off,engine_p1_w1_i0_t20000
25.2,144211.48514851485,143702.9702970297,144720.0,2677300.0,2668660.0,2685940.0,96095.5,92537.0,99654.0,0.0,0.0,engine,1,1,0,20000,sync_off,engine_p1_w1_i0_t20000
25.29,146360.6600660066,142801.9801980198,150760.0,2678861.3333333335,2664460.0,2698808.0,129960.33333333333,76378.0,193121.0,0.0,0.0,engine,1,1,0,20000,sync_off,engine_p1_w1_i0_t20000
25.3,145580.0,144950.0,146210.0,2677814.0,2669320.0,2686308.0,96823.0,93285.0,100361.0,0.0,0.0,engine,1,1,0,20000,sync_off,engine_p1_w1_i0_t20000
25.39,146347.22772277228,145663.36633663366,147168.31683168316,2679058.6666666665,2665028.0,2698808.0,130747.66666666667,77158.0,193936.0,0.0,0.0,engine,1,1,0,20000,sync_off,engine_p1_w1_i0_t20000
25.4,146575.099009901,145170.0,147980.19801980196,2678308.0,2670008.0,2686608.0,97563.5,94006.0,101121.0,0.0,0.0,engine,1,1,0,20000,sync_off,engine_p1_w1_i0_t20000
25.49,143870.0,143870.0,143870.0,2673680.0,2673680.0,2673680.0,121870.0,121870.0,121870.0,0.0,0.0,engine,1,1,0,20000,sync_off,engine_p1_w1_i0_t20000
25.5,145111.65841584158,143770.0,147240.0,2680440.0,2665224.0,2698808.0,117294.75,77914.0,194692.0,0.0,0.0,engine,1,1,0,20000,sync_off,engine_p1_w1_i0_t20000
25.59,149767.06270627063,140881.18811881187,159220.0,2679513.3333333335,2665592.0,2698808.0,133300.33333333334,78732.0,198591.0,0.0,0.0,engine,1,1,0,20000,sync_off,engine_p1_w1_i0_t20000
25.6,146930.0,145040.0,148820.0,2679528.0,2671456.0,2687600.0,99037.5,95455.0,102620.0,0.0,0.0,engine,1,1,0,20000,sync_off,engine_p1_w1_i0_t20000
25.69,147460.0,147460.0,147460.0,2674316.0,2674316.0,2674316.0,123326.0,123326.0,123326.0,0.0,0.0,engine,1,1,0,20000,sync_off,engine_p1_w1_i0_t20000
25.7,149051.9801980198,144742.57425742573,159059.40594059404,2681349.0,2666208.0,2698808.0,119865.25,79489.0,200405.0,0.0,0.0,engine,1,1,0,20000,sync_off,engine_p1_w1_i0_t20000
25.79,147198.01980198018,147198.01980198018,147198.01980198018,2674392.0,2674392.0,2674392.0,124054.0,124054.0,124054.0,0.0,0.0,engine,1,1,0,20000,sync_off,engine_p1_w1_i0_t20000
25.8,147102.5,145840.0,147860.0,2681735.0,2666712.0,2698808.0,88732.75,73529.0,104154.0,0.0,0.0,engine,1,1,0,20000,sync_off,engine_p1_w1_i0_t20000
25.89,148540.0,148540.0,148540.0,2674728.0,2674728.0,2674728.0,124827.0,124827.0,124827.0,0.0,0.0,engine,1,1,0,20000,sync_off,engine_p1_w1_i0_t20000
25.9,145116.5099009901,143801.9801980198,146712.8712871287,2682008.0,2666936.0,2698808.0,89509.0,74245.0,104925.0,0.0,0.0,engine,1,1,0,20000,sync_off,engine_p1_w1_i0_t20000
25.99,146420.0,146420.0,146420.0,2675196.0,2675196.0,2675196.0,125550.0,125550.0,125550.0,0.0,0.0,engine,1,1,0,20000,sync_off,engine_p1_w1_i0_t20000
26.0,146013.61386138614,143720.0,148490.0,2682174.0,2667104.0,2698808.0,90259.25,74975.0,105707.0,0.0,0.0,engine,1,1,0,20000,sync_off,engine_p1_w1_i0_t20000
26.09,145247.52475247523,145247.52475247523,145247.52475247523,2675352.0,2675352.0,2675352.0,126285.0,126285.0,126285.0,0.0,0.0,engine,1,1,0,20000,sync_off,engine_p1_w1_i0_t20000
26.1,148052.5,146020.0,148830.0,2682316.0,2667168.0,2698808.0,91017.75,75736.0,106435.0,0.0,0.0,engine,1,1,0,20000,sync_off,engine_p1_w1_i0_t20000
26.2,151392.53465346532,143623.7623762376,174485.14851485146,2681058.4,2667232.0,2698808.0,98868.2,76639.0,127088.0,0.0,0.0,engine,1,1,0,20000,sync_off,engine_p1_w1_i0_t20000
26.3,147113.48514851485,146090.0,148257.42574257424,2681198.4,2667268.0,2698808.0,99624.4,77377.0,127850.0,0.0,0.0,engine,1,1,0,20000,sync_off,engine_p1_w1_i0_t20000
26.4,149902.9504950495,142970.29702970295,165280.0,2681364.0,2667268.0,2698808.0,100385.0,78096.0,128588.0,0.0,0.0,engine,1,1,0,20000,sync_off,engine_p1_w1_i0_t20000
26.5,150365.08910891088,144400.0,168049.50495049503,2681494.4,2667268.0,2698808.0,101170.6,78810.0,129351.0,0.0,0.0,engine,1,1,0,20000,sync_off,engine_p1_w1_i0_t20000
26.6,145743.50495049503,142247.52475247523,148070.0,2681656.8,2667268.0,2698808.0,101921.8,79532.0,130104.0,0.0,0.0,engine,1,1,0,20000,sync_off,engine_p1_w1_i0_t20000
26.7,146331.801980198,144920.79207920792,147640.0,2681849.6,2667268.0,2698808.0,102669.4,80268.0,130863.0,0.0,0.0,engine,1,1,0,20000,sync_off,engine_p1_w1_i0_t20000
26.8,149048.43564356436,145470.0,155830.0,2682027.2,2667268.0,2698808.0,103447.8,81018.0,131700.0,0.0,0.0,engine,1,1,0,20000,sync_off,engine_p1_w1_i0_t20000
26.9,153635.00990099012,144690.0,180495.0495049505,2682164.0,2667268.0,2698808.0,104247.6,81812.0,132664.0,0.0,0.0,engine,1,1,0,20000,sync_off,engine_p1_w1_i0_t20000
27.0,146510.69306930693,144089.10891089108,149900.0,2682275.2,2667268.0,2698808.0,105014.4,82589.0,133460.0,0.0,0.0,engine,1,1,0,20000,sync_off,engine_p1_w1_i0_t20000
27.1,147774.0,147170.0,148780.0,2682431.2,2667268.0,2698812.0,105762.6,83337.0,134240.0,0.0,0.0,engine,1,1,0,20000,sync_off,engine_p1_w1_i0_t20000
27.2,146424.0396039604,142405.9405940594,148540.0,2682599.2,2667268.0,2698812.0,106534.6,84127.0,134981.0,0.0,0.0,engine,1,1,0,20000,sync_off,engine_p1_w1_i0_t20000
27.3,153783.8613861386,145613.8613861386,170485.14851485146,2682834.4,2667268.0,2698812.0,107732.4,84925.0,137856.0,0.0,0.0,engine,1,1,0,20000,sync_off,engine_p1_w1_i0_t20000
27.4,154067.56435643564,144850.0,171217.82178217822,2683008.0,2667268.0,2698852.0,108927.6,85683.0,140682.0,0.0,0.0,engine,1,1,0,20000,sync_off,engine_p1_w1_i0_t20000
27.5,149645.08910891088,145376.23762376237,160770.0,2683182.4,2667268.0,2699296.0,96901.4,77451.0,117061.0,0.0,0.0,engine,1,1,0,20000,sync_off,engine_p1_w1_i0_t20000
27.6,154970.0,144650.0,178510.0,2683461.0,2667268.0,2699540.0,94409.5,78208.0,117946.0,0.0,0.0,engine,1,1,0,20000,sync_off,engine_p1_w1_i0_t20000
27.61,146870.0,146870.0,146870.0,2682896.0,2682896.0,2682896.0,110782.0,110782.0,110782.0,0.0,0.0,engine,1,1,0,20000,sync_off,engine_p1_w1_i0_t20000
27.7,148893.61386138614,144970.29702970295,158110.0,2683534.0,2667268.0,2699676.0,95175.5,78990.0,118718.0,0.0,0.0,engine,1,1,0,20000,sync_off,engine_p1_w1_i0_t20000
27.71,144712.8712871287,144712.8712871287,144712.8712871287,2683640.0,2683640.0,2683640.0,111551.0,111551.0,111551.0,0.0,0.0,engine,1,1,0,20000,sync_off,engine_p1_w1_i0_t20000
27.8,147284.5792079208,144673.26732673266,148610.0,2683646.0,2667268.0,2699696.0,95935.75,79764.0,119450.0,0.0,0.0,engine,1,1,0,20000,sync_off,engine_p1_w1_i0_t20000
27.81,147710.0,147710.0,147710.0,2684096.0,2684096.0,2684096.0,112293.0,112293.0,112293.0,0.0,0.0,engine,1,1,0,20000,sync_off,engine_p1_w1_i0_t20000
27.9,146800.59405940594,144821.7821782178,148930.0,2681434.6666666665,2667268.0,2699696.0,88843.0,80515.0,96501.0,0.0,0.0,engine,1,1,0,20000,sync_off,engine_p1_w1_i0_t20000
27.91,146255.0,144400.0,148110.0,2687558.0,2684588.0,2690528.0,116623.0,113096.0,120150.0,0.0,0.0,engine,1,1,0,20000,sync_off,engine_p1_w1_i0_t20000
28.0,146899.4306930693,143445.54455445544,149782.17821782178,2683817.0,2667268.0,2699696.0,97442.75,81222.0,120959.0,0.0,0.0,engine,1,1,0,20000,sync_off,engine_p1_w1_i0_t20000
28.01,145792.0792079208,145792.0792079208,145792.0792079208,2685140.0,2685140.0,2685140.0,113870.0,113870.0,113870.0,0.0,0.0,engine,1,1,0,20000,sync_off,engine_p1_w1_i0_t20000
28.1,143750.0,143750.0,143750.0,2677344.0,2677344.0,2677344.0,81950.0,81950.0,81950.0,0.0,0.0,engine,1,1,0,20000,sync_off,engine_p1_w1_i0_t20000
28.11,146767.5,145198.01980198018,148420.0,2686032.0,2667268.0,2699696.0,106352.0,91035.0,121685.0,0.0,0.0,engine,1,1,0,20000,sync_off,engine_p1_w1_i0_t20000
28.2,146598.94389438943,145980.0,147500.0,2681440.0,2667268.0,2699696.0,91101.33333333333,82735.0,98806.0,0.0,0.0,engine,1,1,0,20000,sync_off,engine_p1_w1_i0_t20000
28.21,147095.0,146970.0,147220.0,2689108.0,2686544.0,2691672.0,118930.0,115394.0,122466.0,0.0,0.0,engine,1,1,0,20000,sync_off,engine_p1_w1_i0_t20000
28.3,146340.0,146340.0,146340.0,2677544.0,2677544.0,2677544.0,83489.0,83489.0,83489.0,0.0,0.0,engine,1,1,0,20000,sync_off,engine_p1_w1_i0_t20000
28.31,146788.68811881187,145613.8613861386,148630.0,2686507.0,2667268.0,2699696.0,107886.25,92538.0,123241.0,0.0,0.0,engine,1,1,0,20000,sync_off,engine_p1_w1_i0_t20000
28.4,144120.0,144120.0,144120.0,2677580.0,2677580.0,2677580.0,84225.0,84225.0,84225.0,0.0,0.0,engine,1,1,0,20000,sync_off,engine_p1_w1_i0_t20000
28.41,147187.4504950495,144019.801980198,149170.0,2686693.0,2667276.0,2699696.0,108649.25,93324.0,124005.0,0.0,0.0,engine,1,1,0,20000,sync_off,engine_p1_w1_i0_t20000
28.5,145752.47524752474,145752.47524752474,145752.47524752474,2677628.0,2677628.0,2677628.0,85016.0,85016.0,85016.0,0.0,0.0,engine,1,1,0,20000,sync_off,engine_p1_w1_i0_t20000
28.51,146700.69306930693,142722.77227722772,148190.0,2686898.0,2667276.0,2699696.0,109407.0,94047.0,124773.0,0.0,0.0,engine,1,1,0,20000,sync_off,engine_p1_w1_i0_t20000
28.6,146060.0,146060.0,146060.0,2677628.0,2677628.0,2677628.0,85778.0,85778.0,85778.0,0.0,0.0,engine,1,1,0,20000,sync_off,engine_p1_w1_i0_t20000
28.61,146506.85643564357,145207.9207920792,147821.7821782178,2687089.0,2667280.0,2699696.0,110171.25,94804.0,125528.0,0.0,0.0,engine,1,1,0,20000,sync_off,engine_p1_w1_i0_t20000
28.7,145762.37623762374,145762.37623762374,145762.37623762374,2677632.0,2677632.0,2677632.0,86545.0,86545.0,86545.0,0.0,0.0,engine,1,1,0,20000,sync_off,engine_p1_w1_i0_t20000
28.71,146762.5,146000.0,147770.0,2687283.0,2667280.0,2699696.0,110930.5,95554.0,126278.0,0.0,0.0,engine,1,1,0,20000,sync_off,engine_p1_w1_i0_t20000
28.8,143240.0,143240.0,143240.0,2677744.0,2677744.0,2677744.0,87294.0,87294.0,87294.0,0.0,0.0,engine,1,1,0,20000,sync_off,engine_p1_w1_i0_t20000
28.81,145908.01980198018,145524.75247524751,146683.16831683167,2687468.0,2667280.0,2699696.0,111665.25,96319.0,127005.0,0.0,0.0,engine,1,1,0,20000,sync_off,engine_p1_w1_i0_t20000
28.91,146678.37623762377,145600.0,148600.0,2685784.0,2667280.0,2699696.0,107540.6,88007.0,127744.0,0.0,0.0,engine,1,1,0,20000,sync_off,engine_p1_w1_i0_t20000
29.01,147118.0,144520.0,149000.0,2686066.4,2667280.0,2699696.0,108299.4,88716.0,128544.0,0.0,0.0,engine,1,1,0,20000,sync_off,engine_p1_w1_i0_t20000
29.11,146266.99009900988,145376.23762376237,147108.9108910891,2686301.6,2667280.0,2699696.0,109040.2,89447.0,129257.0,0.0,0.0,engine,1,1,0,20000,sync_off,engine_p1_w1_i0_t20000
29.21,146794.19801980196,142900.99009900988,149340.0,2686529.6,2667284.0,2699696.0,109809.8,90209.0,130038.0,0.0,0.0,engine,1,1,0,20000,sync_off,engine_p1_w1_i0_t20000
29.31,146012.0,144830.0,147040.0,2686782.4,2667284.0,2699696.0,110546.8,90977.0,130758.0,0.0,0.0,engine,1,1,0,20000,sync_off,engine_p1_w1_i0_t20000
29.41,152589.58415841585,145465.34653465345,177841.58415841582,2686989.6,2667312.0,2699696.0,111327.6,91737.0,131528.0,0.0,0.0,engine,1,1,0,20000,sync_off,engine_p1_w1_i0_t20000
29.51,148865.34653465348,143326.7326732673,157720.0,2687154.4,2667312.0,2699696.0,112103.2,92521.0,132268.0,0.0,0.0,engine,1,1,0,20000,sync_off,engine_p1_w1_i0_t20000
29.61,146314.39603960395,142630.0,149140.0,2687304.8,2667312.0,2699696.0,112874.6,93280.0,133035.0,0.0,0.0,engine,1,1,0,20000,sync_off,engine_p1_w1_i0_t20000
29.71,152539.66336633664,140752.47524752474,184280.0,2687524.8,2667312.0,2699696.0,113651.2,94019.0,133765.0,0.0,0.0,engine,1,1,0,20000,sync_off,engine_p1_w1_i0_t20000
29.81,147733.0297029703,144485.14851485146,153050.0,2687796.8,2667316.0,2699696.0,114425.8,94793.0,134523.0,0.0,0.0,engine,1,1,0,20000,sync_off,engine_p1_w1_i0_t20000
29.91,151120.05940594058,145663.36633663366,166148.51485148515,2688136.0,2667696.0,2699696.0,116012.4,95519.0,139348.0,0.0,0.0,engine,1,1,0,20000,sync_off,engine_p1_w1_i0_t20000
30.01,148997.77227722772,141891.08910891088,158920.0,2686283.0,2668416.0,2699696.0,97850.75,76949.0,112510.0,0.0,0.0,engine,1,1,0,20000,sync_off,engine_p1_w1_i0_t20000
30.02,146900.0,146900.0,146900.0,2697192.0,2697192.0,2697192.0,129253.0,129253.0,129253.0,0.0,0.0,engine,1,1,0,20000,sync_off,engine_p1_w1_i0_t20000
