start_ns,end_ns
1784649,7736769
13680091,18176907
14524868,18366045
33179646,33897938
34118363,34741419
34889713,35852363
35538165,36576572
47877296,48097647
51782033,52832200
74584717,75606324
75739068,76889904
76097315,76569925
81170594,81705927
88078809,90434935
90993187,92542577
106398421,109616644
113869400,114470876
121065576,122799788
132753262,133795595
157108557,158660684
159244145,161011856
183389280,190167120
202306675,204337739
204570065,204660056
225805424,226058707
275801824,277337049
276337867,276494990
284621386,286400363
298259850,301736564
314252143,315265938
316485409,318392760
319330058,322594495
339306163,340448987
339567301,340314927
349438801,350588791
360101389,360952305
362573164,363419159
363631871,364697824
365499860,368560846
371235434,372051655
372074219,375110609
376977128,379141965
403792649,408214763
408317408,408403380
422976425,425989868
427813413,427931517
432190942,432351730
438619271,439541265
440529696,441746641
444079773,445057660
448141427,454404586
454977289,456472641
464004047,464851739
468169600,469212965
476904153,477476913
478769399,481360745
481879826,482025503
482611593,483309981
483762582,484324481
488372544,488891195
500434974,500877309
514953895,515910026
540776211,542726432
543145280,543618772
544447275,545470133
564679432,565913195
589517664,592152615
615797421,617205536
619067080,619097151
629467063,633918931
636185933,636987905
637386417,638200049
647924506,652098425
652246995,653706265
653905299,654024956
654728799,656916275
665512007,666688310
671549107,672128167
674323774,674779282
692010383,693172550
694903131,696243392
696954084,698362082
704694441,705878387
705592471,709409004
718287802,722421643
723334396,724378314
723606539,724224869
739865786,740505261
751234035,752512406
752900972,753114569
753228506,754148148
755249522,755827313
759827209,760762412
781311552,781941733
784542763,785397773
786500399,786877222
787642856,787828389
795750438,796492017
803251106,803994778
808413901,809099899
817416005,818679474
836640257,836686602
840109905,840134632
854788717,855218673
855540529,858507094
864704632,864971299
865306221,869633918
872562898,874078639
872773548,877855880
874239183,875427069
885891591,886268685
903190005,903250791
911714986,912585704
933502588,933867792
941135364,944390609
948999680,953790489
973437051,978228868
975017782,977578038
984467554,985894635
986645575,990638808
991847845,992576855
992912144,994406196
1000502253,1000967249
1000584870,1000744468
1001433815,1001755019
1013123341,1014575802
1014663454,1015138306
1030068260,1030609048
1035448132,1040177916
1054970219,1055244824
1070627828,1071456113
1070693526,1071768299
1072232250,1073511479
1073655963,1074069716
1084023990,1085406901
1103354025,1107922207
1108170592,1108245686
1111159863,1112422625
1120698192,1122025366
1123350540,1124029931
1124128701,1124475383
1134932098,1135026715
1136900991,1137551464
1161108445,1161536170
1172674361,1177286769
1188820101,1189179671
1196162051,1199356246
1225430314,1228746211
1233620445,1237264895
1234329630,1234389990
1234434504,1236551039
1247633658,1248482756
1249030333,1250362168
1252036688,1254953662
1259125312,1259450906
1303072428,1303767588
1309056297,1310257433
1309805483,1310066872
1327100535,1330691595
1354985360,1355509898
1362463522,1362864086
1363285657,1363660372
1363956943,1364386312
1365368442,1366152112
1371131120,1372105393
1374421075,1375254418
1383282017,1384278373
1398989311,1399056808
1407633049,1408353533
1418414288,1419010184
1437635748,1438204582
1439048580,1442895201
1450380937,1451404166
1450818721,1451539590
1457980337,1458309886
1458375939,1458787457
1458726499,1462798761
1464204814,1464913295
1465143372,1465466961
1465621996,1465863887
1490491635,1493837068
1503748468,1504405833
1523766571,1523857534
1533590333,1533887119
1546849643,1547172016
1550566437,1551203997
1568758001,1569256817
1569064492,1569588455
1571648361,1572173009
1582895556,1583405560
1597658753,1598304962
1601990724,1602422498
1602391837,1602877631
1614954349,1615387231
1617511910,1619350844
1624935113,1625607228
1637076051,1637986288
1638252511,1639243284
1638928681,1642533442
1653165517,1653443029
1665929001,1666035742
1666039537,1669163416
1669154272,1670084013
1677961302,1678355154
1678254082,1679109475
1680672373,1681074126
1701566385,1701631336
1703368011,1704415468
1703896951,1704566433
1705156696,1705740581
1714384633,1714772735
1743070598,1743808284
1743833495,1744505052
1744674626,1744885870
1744871979,1745420507
1760085843,1760621342
1760988109,1761035590
1761200359,1761282973
1762994805,1763936263
1763758293,1763967443
1768434369,1769513959
1774028626,1774283871
1778948340,1779064777
1788344400,1795215809
1796619269,1797279414
1796685984,1797452870
1800760802,1801404642
1808439972,1809022033
1809641282,1809751404
1828400585,1831143792
1834317259,1834605124
1851203119,1851810620
1855267698,1855966737
1859751336,1860558472
1863891514,1864002182
1879072668,1879742974
1909218755,1909321334
1909963404,1910382543
1924317973,1925421324
1932752082,1932834516
1932903201,1940931789
1946353122,1946852442
1948600991,1949096693
1951794156,1952170444
1953270528,1953856074
1954803265,1955233916
1962291553,1963092810
1965911117,1966672965
1976684448,1977469021
1976987003,1977695354
1990779486,1991099608
2010272671,2014560087
2018146278,2018993613
2021736696,2022376768
2026218749,2029663340
2055043876,2057043740
2059776950,2060448855
2076153456,2076901760
2076494064,2076969012
2078905025,2081886822
2082688574,2082814659
2101493286,2104587848
2105280349,2109009441
2110152298,2114778725
2121095488,2121354137
2129462131,2129693512
2133709546,2134260617
2136188271,2137128429
2142837313,2142913756
2143490983,2144440245
2148596170,2152347208
2152352757,2152412452
2160284589,2160430079
2166219575,2166525511
2180330703,2181387184
2181429604,2184429862
2190464573,2191645490
2192768522,2193511167
2196406588,2207379825
2204477816,2207819751
2222999959,2224033886
2225181401,2226147057
2230047911,2233365401
2233841335,2237331496
2238254542,2238516311
2261038229,2261194072
2262776581,2262985978
2263978689,2264244928
2267901659,2268084390
2270914754,2270978692
2287456637,2287958981
2300044213,2300743218
2307413816,2308485111
2308935804,2309517147
2317834512,2318084091
2327448964,2331937542
2335722199,2336282341
2336288882,2337383236
2340477668,2341073998
2344825554,2345453021
2365685910,2366272271
2382677415,2383559214
2393675823,2394286515
2393890115,2394536057
2393949863,2394843733
2400751353,2410981906
2407420327,2411479920
2426822152,2427385480
2427950068,2428731992
2429372164,2433349739
2433626258,2434518237
2434392813,2434799714
2436021474,2436520971
2436567129,2437068110
2453348431,2453504454
2474687979,2475866490
2483324099,2483393469
2488290037,2488998738
2490872894,2494248038
2498726874,2501773093
2503423309,2505179882
2504800089,2507515021
2513840902,2514986402
2516579364,2520656036
2525525075,2525676608
2530365754,2530658082
2532717745,2533559096
2534291935,2534994068
2536232431,2536830261
2537593903,2538900013
2541831496,2542708160
2542783579,2546387774
2556259477,2557187649
2559822390,2560970626
2583093908,2583565342
2587159064,2587792080
2589648148,2590471278
2600330665,2600551708
2614933766,2617620555
2617673722,2618195630
2624505491,2625221401
2632696810,2633468424
2633885244,2634130653
2639563913,2640480247
2647207553,2647583561
2656553643,2657254968
2663996516,2664747235
2679949703,2680662026
2680580344,2681644610
2687933557,2688246883
2691495126,2692429548
2697923686,2698433296
2699369131,2699657851
2703196432,2703591025
2705881804,2706104929
2705946928,2706010125
2707305965,2707920327
2707941467,2708748053
2710718731,2711524708
2711705922,2712231843
2728063240,2728290045
2730818903,2731566756
2771621838,2775100008
2778343952,2778513579
2816878909,2817946098
2818968623,2819323069
2826538530,2830121584
2833389064,2836789743
2840384119,2841003131
2849520532,2853874635
2866019058,2866927167
2866579099,2867360160
2866949761,2867077156
2879746670,2880037031
2880181815,2881402826
2882081509,2882662909
2888434785,2889340883
2898983234,2899157602
2913364400,2914109687
2915273632,2916167031
2928410227,2929243062
2936001151,2936783963
2937150208,2937382030
2942922182,2943322635
2945505159,2946159196
2950900817,2951863513
2959276507,2959823402
2963469927,2964532877
2965228120,2966254310
2977841809,2978630039
2980722997,2981224492
2992371777,2996529292
2997272010,3000502183
3000256704,3001159571
3006543088,3006620981
3010795454,3011552765
3020970268,3021860466
3027519367,3027790694
3031915689,3032637723
3038805619,3039107914
3045358089,3046162898
3046692259,3047061482
3047962712,3048481537
3052449489,3052887551
3057585613,3057704368
3067584792,3067872450
3071201172,3071607963
3085110666,3088052599
3089770378,3090863296
3090397508,3091444107
3099114705,3099829617
3103242569,3104232086
3104031094,3104215425
3104780581,3108042966
3108067281,3108371340
3121583820,3122676142
3122065604,3125542819
3133430511,3137014501
3159072669,3159785533
3167788817,3168754450
3185589363,3186107727
3185636269,3186578289
3186055341,3186732872
3197190105,3198011147
3201612536,3205095012
3208611346,3209225539
3211369704,3211676034
3229282027,3232324825
3232662117,3232768400
3240309736,3240986454
3240596020,3241034333
3249514742,3250290946
3250856894,3251565418
3262561477,3263349721
3272122220,3272667628
3272718159,3273320329
3281207848,3281735506
3311005677,3311671290
3313026194,3313548857
3318751966,3319248857
3318995965,3320152293
3320077640,3320879582
3322644274,3322725321
3356670899,3357232604
3368963526,3369351929
3373495669,3374030450
3386045159,3389382116
3401068625,3401811834
3402128481,3402984398
3407573811,3408103537
3417107015,3418002606
3425184541,3426136423
3426310934,3429355396
3428897573,3429565351
3438200513,3438606331
3441728108,3441881472
3442079043,3442141494
3447754781,3448259207
3448899596,3449267960
3451245367,3451643782
3453271827,3456509313
3473647350,3474711265
3484745156,3485526949
3485463237,3485734342
3487822641,3488230522
3494219663,3494654767
3504922700,3505145413
3525782485,3526420386
3532363506,3533174094
3540725462,3540922047
3540813849,3541001180
3543651202,3545647986
3549342807,3550128331
3569157997,3569762375
3575072609,3575829753
3577329749,3580589989
3589924434,3590708746
3593979774,3595182677
3607267310,3607931491
3621932990,3622919901
3629807904,3630924655
3646189054,3649446865
3646311364,3649875118
3646756004,3649647256
3649999085,3651093112
3663397376,3663683925
3665015666,3665916626
3669815889,3669973556
3673674902,3674531154
3676191135,3677219249
3676203950,3676688364
3691265383,3691571452
3711251814,3711963545
3719306137,3719973742
3730207385,3731318647
3734304724,3734599107
3745609164,3746174788
3749716315,3750170814
3762868078,3763630160
3769773597,3769993792
3782713787,3783446623
3784178600,3784438111
3784444766,3784836045
3784454057,3785125089
3809896392,3810855310
3811641690,3812723352
3816107556,3816413355
3819336349,3820213124
3820978530,3821791566
3845903989,3846494489
3853672608,3854015818
3854060617,3854563321
3854097259,3854505935
3854760641,3855191613
3860003403,3860126508
3860138138,3860937040
3862348832,3862737866
3875068172,3875534954
3875159478,3878987522
3880711816,3881054707
3894509988,3895745558
3911334434,3912425324
3923662465,3924364769
3924347660,3924896339
3932242960,3932567184
3933901487,3934833146
3940239622,3942378825
3942391440,3943279103
3953910911,3954227825
3956621080,3956804103
3963407051,3964132266
3964217456,3964401593
3969967857,3970128835
3973507355,3974099762
3979906666,3980366856
3984627212,3985551900
3984894471,3985577838
3986473725,3989758474
3993659906,3997726567
3996837430,3997279750
4004958009,4007703658
4018727648,4019387886
4028651466,4029456301
4056918382,4060327390
4075383243,4075940320
4076343480,4077057586
4078150901,4081715624
4082287983,4082846280
4084725378,4085447863
4087555972,4088246338
4102211078,4102944872
4105985101,4106830595
4107015427,4107794785
4108866982,4109823350
4109195218,4110282703
4109498755,4110272156
4110865854,4111157988
4124484503,4127807602
4132819743,4133937281
4142187732,4142780428
4143907136,4144799583
4145895357,4146110461
4146889771,4147598719
4147979647,4148231501
4152287951,4152737669
4170976049,4171401292
4171452562,4172208686
4212881951,4213383479
4224690296,4225215535
4226452308,4231034207
4236191562,4236311954
4240308973,4240589782
4243972259,4244596134
4245264611,4245827134
4251759845,4255968893
4257341220,4257431798
4260915264,4261627055
4268304615,4268548039
4278595901,4279066352
4279359100,4279426191
4287026156,4291203279
4291694558,4291895081
4300748754,4301163673
4302865061,4303126367
4304465667,4308966569
4314568753,4318114139
4353083564,4353761346
4353845513,4353961866
4360465405,4360681778
4360700214,4361493506
4362560815,4363328961
4362629999,4363547726
4374699962,4375221142
4391201334,4394314114
4395990817,4399810988
4406226648,4406697036
4409795223,4410526662
4411050719,4411548318
4418861634,4419514753
4419746801,4420081726
4420376079,4420449679
4421183751,4422196263
4422314370,4422799241
4426557796,4427153498
4428117407,4431952094
4433330094,4434213978
4434812363,4438154338
4438564797,4439388288
4450970000,4454690850
4456644242,4456790493
4457212124,4461653732
4467000913,4467774665
4467317420,4468345711
4474739776,4475195427
4486693249,4489838753
4489882081,4490412906
4490226945,4490975740
4496238841,4496366728
4501277828,4501692918
4508923393,4509979992
4513077393,4513787207
4517417345,4517762800
4525852146,4529662916
4531234443,4532349728
4533767621,4534114306
4534018957,4534254644
4555307360,4555748805
4556468423,4556639032
4564372020,4564832048
4567211357,4567510219
4571254461,4572002536
4572052629,4572964293
4573539319,4574059657
4575735503,4576648602
4585448835,4585731970
4586303817,4587068266
4588658314,4591428175
4599729301,4600513519
4599933940,4600886094
4600266045,4600761629
4601365471,4604054956
4603603400,4608224204
4610189165,4610961550
4621073949,4621354633
4632285900,4632464043
4635317259,4635718885
4637328298,4637953904
4638940079,4639396461
4644563009,4648467508
4651605408,4651785790
4654002588,4655022547
4654138389,4654801567
4655357011,4659345874
4663501909,4667256940
4666618498,4666955694
4684255217,4685012053
4705417830,4709132737
4722728571,4723545718
4724305725,4728504139
4729727732,4730546125
4730952428,4731994711
4739329939,4742589411
4754406399,4755087093
4755756201,4759202209
4761077110,4761324557
4765836661,4766638603
4776944183,4777697598
4781990446,4782757245
4796508371,4797006994
4799022045,4799704490
4819205700,4819953061
4822483680,4823459947
4827797085,4828140078
4829728300,4829948305
4837795580,4838387850
4838514043,4838840689
4850257313,4851056579
4851102263,4851947707
4862086298,4864890620
4868848703,4872975509
4887961490,4888692178
4888726706,4889176390
4889426567,4889958875
4890198043,4890440265
4891191449,4894616038
4897121292,4897460507
4918576495,4919580000
4934522152,4935307467
4936279487,4936724662
4936643251,4937069830
4938729691,4939458674
4939248048,4940018084
4941050180,4941378801
4950339162,4951147228
4959136203,4960327339
4961547355,4962622245
4961646499,4962222546
4984886228,4985711330
4992000991,4992238589
4998763644,4999521513
5001321621,5004705618
5012706624,5013048378
5035907372,5036914328
5041457636,5041960665
5047898504,5048212748
5053573214,5054356925
5059454433,5059878344
5059992265,5060630010
5061628253,5065253355
5068604730,5069366635
5085943853,5086111415
5088627907,5088964242
5102117878,5102528782
5102315498,5102908796
5103421978,5104152697
5103516637,5103800833
5104229952,5104415727
5105278656,5108042330
5130801883,5131938433
5132467410,5133437730
5148123593,5149292312
5158606578,5159207027
5160935543,5161769845
5171823768,5172242145
5173097174,5173870796
5173906216,5174748092
5175669701,5176942790
5175797029,5176022009
5176057990,5176849632
5177691602,5178661801
5178653706,5179400667
5189626728,5190028274
5190256259,5191155509
5198682449,5198883000
5199894373,5200371223
5201220789,5202171516
5204745250,5205238840
5215041561,5215343850
5220274230,5221000663
5221975729,5222447748
5223210958,5223550031
5229050784,5233224478
5235284980,5235916525
5241304715,5241343549
5248596076,5251525509
5251821353,5252674590
5253578158,5253838448
5254866203,5255459884
5259202273,5259888274
5259492029,5260457377
5268867075,5269096720
5268983036,5269228614
5275066438,5277239448
5296370216,5297037272
5297038162,5297871734
5310103135,5310221869
5331448124,5331802129
5334425009,5341032137
5340009629,5341510388
5349324183,5349985511
5351849969,5351915277
5353174454,5353811530
5367971310,5368401682
5375804328,5376229041
5381943036,5382726496
5390103656,5391010644
5391430996,5391978879
5392587139,5393181404
5393720178,5394038047
5413002860,5413531792
5413205017,5414219832
5425451395,5426129717
5426145209,5430441371
5432464839,5433122718
5443364069,5443789766
5458636813,5459255951
5463801852,5464546661
5472923551,5476401865
5487956165,5488032628
5488196609,5488968029
5489102192,5493813955
5503766896,5504040663
5512256759,5512791934
5515520146,5518268301
5520506728,5521306098
5521369324,5521772818
5523156647,5523665302
5525099078,5526417773
5525143986,5525945848
5533725603,5534202299
5535566240,5536039738
5541180719,5543675701
5545225052,5552632113
5553447134,5553701714
5560682534,5561504371
5566128385,5566634497
5575765284,5576681010
5577168541,5577983329
5577963938,5578230017
5578237471,5581287712
5581594407,5581640254
5583455697,5583780940
5587573642,5590044903
5591039622,5591569952
5593414327,5594275641
5595046008,5595517465
5608095215,5608833723
5608532418,5609670641
5628484598,5629560100
5630056978,5630848787
5639450386,5640363837
5641919067,5642695859
5647754397,5652351167
5652216986,5652767566
5657743925,5657945237
5672523111,5673124630
5674911638,5675225652
5684679811,5685321891
5687141925,5691422274
5692541131,5692745112
5717548836,5721274443
5751045691,5757194010
5770579655,5770893853
5776366004,5781195052
5783870095,5784510317
5813186076,5813479771
5814275937,5815075897
5818212094,5819011811
5822612823,5823138105
5826569576,5827635509
5836363742,5837190724
5838532538,5839612269
5844680799,5845534819
5844744448,5845077940
5846112528,5847136248
5847252511,5848323885
5871873925,5872044170
5889053298,5889794560
5891903237,5891992195
5896016702,5897041582
5898999123,5899557668
5907512255,5911031853
5912140489,5912806333
5912434899,5913263020
5913423123,5914102848
5939627670,5939851707
5945852866,5945933599
5947619024,5948048821
5949191040,5952512903
5962270081,5963074432
5966215459,5969074805
5977353641,5978190338
5978192706,5981747887
5980078361,5982494511
5984819223,5985652607
5995489612,5996228698
5995811571,5995875336
6029665582,6030496302
6040339766,6041472116
6055401589,6055950478
6056892865,6060759865
6063920280,6064885084
6069240981,6069803481
6070048566,6070713037
6070701009,6074399756
6085920543,6086610749
6088766118,6088877918
6093742644,6093832978
6095604535,6096756687
6106017585,6109491743
6115219446,6115535752
6115752035,6116401064
6121305513,6122220458
6121357634,6121756781
6134059281,6138078126
6141486648,6142087736
6142541516,6143219124
6143259311,6147641030
6153617493,6153966219
6162094380,6162709893
6169529337,6170176719
6189463042,6190208503
6197673335,6198178956
6200898523,6204307353
6205178395,6206379741
6205333012,6206615856
6206788998,6207275582
6207260198,6207562829
6220820472,6221345260
6224383691,6227752481
6255088086,6256131461
6255633594,6256067132
6265360279,6266408653
6268682737,6268838039
6269037574,6269550819
6288856813,6289944492
6297788269,6298123267
6304686772,6305167991
6305542927,6306222114
6311872161,6312084171
6312306398,6313177389
6325069010,6325806024
6333151533,6333803485
6334921804,6339805072
6340341062,6344948335
6350124172,6350757836
6358915099,6359707803
6360984032,6361149564
6381304801,6381852160
6393377474,6394438011
6397925466,6399871428
6407499720,6411870795
6418239188,6419087298
6435339756,6436063395
6442836136,6443760369
6443803513,6444648182
6471120416,6474515097
6474005122,6474534728
6478910681,6482288855
6485137494,6485836065
6486290601,6486671834
6487065942,6487259958
6487284263,6488036894
6490341508,6491201401
6503580518,6504703209
6505603831,6505750273
6513567419,6514338782
6516934267,6518853713
6520819837,6521232237
6520900316,6521963406
6533496019,6536607774
6550558251,6551228431
6557452531,6560571412
6580137010,6580250450
6582838269,6583577616
6584048568,6584622544
6617675753,6618374377
6625819846,6626682709
6630192872,6631029599
6639207990,6640387076
6640785922,6640992249
6642110003,6643011109
6662108207,6663010563
6664191921,6668022850
6677120274,6677283838
6677966858,6678142007
6682451603,6686546817
6693307789,6694434811
6694444690,6695395776
6697528417,6698152557
6702327698,6702535993
6718346270,6718724700
6719999119,6720170821
6721460099,6721527121
6739838307,6740906231
6744361951,6745105587
6756028474,6756774336
6759224349,6759874928
6759880120,6760338782
6761986261,6762629334
6763367842,6763664402
6765994938,6766102985
6781490396,6782215598
6786217087,6787269186
6797679699,6797978329
6811307593,6811593407
6827772292,6828661866
6841358979,6841901998
6848158592,6849172384
6849378677,6849759169
6857441469,6857690867
6864791518,6864910364
6869758051,6870843475
6874504326,6875330503
6887836377,6888522403
6890368061,6891454982
6892013923,6892699870
6925216356,6926248593
6926231027,6927313303
6941103017,6941667578
6969588297,6970280110
6973616179,6974655485
7002894468,7003685419
7002920627,7003853452
7003877086,7004701061
7018467595,7021485146
7022283721,7022688143
7022815161,7023326171
7026118682,7026687106
7033405021,7034017982
7037829944,7038863874
7042464708,7043128408
7048023289,7051291297
7053218797,7055190818
7055235289,7056214385
7070580520,7071711731
7093134543,7094094705
7095141186,7095489151
7102479960,7103073483
7106543231,7107239641
7118906648,7119835768
7124031668,7124288640
7129689907,7130942298
7131111595,7134484220
7140768436,7144386089
7145674799,7146002468
7147098332,7147762011
7152568642,7153564944
7158801495,7162508594
7170479622,7170988273
7171095275,7171748107
7191743689,7192501360
7192344385,7192682460
7206630034,7210646620
7206846388,7211407760
7211686805,7211982969
7216546794,7217315340
7226694720,7227349301
7230278459,7231193992
7237221857,7237633469
7259013752,7259905010
7275687060,7277859461
7279745404,7280198516
7291236233,7293809094
7300681412,7300842303
7301781803,7302705173
7306034610,7307178486
7317143127,7318263751
7319253100,7325762533
7325767260,7326642044
7338992720,7339687352
7339641956,7345955578
7346068277,7347246978
7353565011,7358087339
7361127110,7361245465
7369503632,7370561410
7382615812,7382833789
7383046965,7383429998
7388502468,7391804984
7403482573,7407853601
7412541874,7413403324
7422696512,7422966239
7423460067,7424000734
7427229691,7428262489
7427257948,7428152744
7428820779,7429663313
7453401708,7454249891
7460617760,7461136635
7462771623,7463848036
7476867335,7477685822
7498497418,7498762638
7501853879,7502423742
7511658615,7514231669
7517126817,7518097888
7518018890,7518671554
7519170206,7519675834
7532465734,7535807098
7541605504,7541778837
7573192530,7576238776
7580713750,7581450043
7581603637,7582081673
7583737324,7584992025
7587072888,7591352998
7595907655,7597097235
7596315154,7596742578
7599127053,7599618930
7623185930,7623616872
7625424177,7629143864
7633479191,7637121116
7636703905,7637641370
7650435483,7650861588
7652842118,7653794243
7653869099,7654344532
7654377654,7654615389
7656228474,7657204069
7666523934,7666814278
7675725805,7676761930
7679895718,7681063785
7701206671,7701981665
7718319106,7719163554
7723141316,7724346978
7735303899,7735711091
7740602637,7740768626
7761528218,7762288589
7767306599,7767378759
7773179975,7776856260
7777288963,7778093725
7795331103,7795950930
7803269403,7804347384
7808223001,7809055121
7814065667,7814575605
7821518636,7822196250
7823451672,7823670704
7823631435,7824483213
7832410028,7833680410
7837936862,7838716397
7842005049,7842431023
7866277990,7866606290
7878212130,7878705496
7883901993,7884888543
7891258366,7891472201
7893396700,7894515079
7898008060,7898508456
7900859946,7901798721
7907185940,7907271403
7918466002,7918988657
7921539186,7921825781
7948999569,7949957474
7954234924,7957667739
7960380039,7960962891
7966475726,7966661092
7970090867,7971011517
7971089723,7974440485
7980058987,7980547026
7984359740,7984987408
7985064780,7986015458
7985279372,7986241745
7985948371,7986344341
7988063013,7988234980
7989905434,7993686940
8012378197,8013136159
8013678445,8013881230
8015700766,8019467126
8020247548,8023334266
8022643291,8023613247
8024592367,8025029704
8039919927,8046563598
8046772691,8050025338
8063370251,8064079857
8066719914,8067201023
8071752049,8072741265
8076355376,8076918053
8085094019,8086160048
8086545645,8087246378
8086720070,8086837081
8113515812,8113633154
8114417323,8114869032
8127057758,8127643427
8133573224,8134214045
8137304417,8137478842
8137630415,8138432324
8143224526,8147152875
8149949536,8150673562
8151494604,8152581935
8158257326,8159367149
8160343583,8160563133
8162174922,8163114178
8166615441,8167588954
8170410966,8171287814
8171106146,8171581476
8176202524,8176554310
8179756542,8180563910
8180555317,8181245867
8186171067,8186406754
8194450250,8194880344
8195932892,8196365815
8202071642,8202760441
8202858947,8203845390
8204635823,8205604162
8206594086,8207383243
8209807090,8210452010
8215048746,8215622117
8217755420,8220870782
8223052501,8223873519
8238775648,8239662756
8243340234,8243559230
8250600774,8251680805
8251603537,8251749638
8269306235,8273116698
8280350149,8280557736
8284146978,8287395465
8289268245,8289729322
8289588480,8294066861
8294202177,8294654097
8294981431,8295250280
8295750880,8296856192
8301139909,8301900174
8333351322,8333741248
8334419109,8334792882
8341370726,8342592298
8346877729,8350863565
8354873159,8358231374
8386074979,8386571159
8386158047,8387139786
8394734288,8396681707
8399961462,8400741003
8400494599,8401306684
8400960343,8403850081
8401788093,8404583638
8402367071,8407831588
8406781711,8407047235
8413009620,8413759668
8414468532,8414601467
8416860504,8417587523
8420748983,8420940239
8427201109,8427918470
8432142525,8432885003
8440697906,8441275951
8456532198,8457354981
8468522451,8469562997
8478825451,8481538022
8486640616,8486748056
8499248695,8499395814
8506463434,8507285512
8515735444,8518162635
8526774433,8530536787
8531928070,8533167699
8535322514,8538545092
8552444254,8552998161
8562966253,8564045266
8564808260,8565416303
8567645753,8568596920
8570167776,8570394673
8585089498,8588475239
8595220509,8595859699
8610350807,8611553894
8615179889,8615623383
8637841951,8638425084
8639289287,8639829520
8652983127,8653833425
8653977274,8654863173
8658785612,8666328795
8662478926,8666949103
8668340589,8671613766
8672308203,8673066700
8695641191,8696013290
8707831524,8708402731
8722182107,8722938530
8725955142,8726766853
8738383904,8738519822
8759804636,8760231024
8772470635,8773440882
8780992226,8782045631
8783123321,8784105414
8789386178,8789698428
8794999308,8795209655
8814664031,8814782286
8815652061,8818694873
8815765117,8816442895
8831489093,8831701878
8832425125,8833565560
8834576345,8835380933
8836658137,8837180487
8844910369,8848732855
8847994597,8849051293
8849279576,8849871777
8899385761,8900468810
8901101088,8901941006
8903380247,8907608683
8913229614,8913364389
8913497116,8916902258
8916975417,8917929961
8927849440,8928282534
8929974581,8933766351
8933851250,8934788722
8938541858,8938750140
8954840040,8956131544
8956291245,8956442802
8962824468,8966547009
8967337239,8967996280
8968345306,8969229739
8968660465,8968855521
8970799355,8971182927
8981053224,8981367452
8982087502,8982504155
8983584618,8984627048
8988885561,8989618577
8998464582,8998975061
9004657669,9005454215
9014357530,9014924886
9025227214,9025519255
9028129454,9028845208
9031373882,9032526775
9034557810,9034626113
9038091258,9038582874
9085909688,9086540850
9086699696,9090420142
9097249425,9097716606
9100968671,9101131052
9101201458,9104937823
9104594292,9105225197
9108701226,9109076786
9115052915,9115859080
9174066441,9174797352
9175525551,9175974156
9178168276,9179309376
9190373463,9191256111
9191101815,9192337466
9203043585,9203319500
9217167251,9220819105
9221102396,9221944305
9222860660,9223837995
9223366632,9223911579
9229882342,9230068296
9230303816,9231416956
9245770008,9246165580
9274756860,9274939474
9276816607,9276990610
9288093929,9288915753
9290181151,9291532811
9291605502,9292155146
9291720028,9292485324
9297974496,9298858541
9309774429,9310820069
9309792606,9309894260
9327084194,9327344787
9327962315,9329274228
9346461420,9350166464
9350932287,9351546454
9361708492,9362447298
9374705083,9374918567
9376799652,9377088419
9379860547,9381206835
9387759472,9388218418
9388784419,9389645398
9394413722,9395065017
9400918163,9401476855
9415126160,9418760127
9481197076,9481573244
9498940323,9499983925
9503696316,9504273840
9511073077,9511929693
9524763718,9530548075
9550291193,9550337885
9551123193,9551836120
9560726078,9561056392
9563368206,9566865386
9568838496,9569928417
9571643670,9571860941
9596140361,9596381316
9597314783,9598083640
9608016883,9608610180
9611270769,9611686998
9618214388,9618966370
9619216600,9619651077
9620861527,9621447530
9628401653,9628485443
9628498933,9629116969
9630007491,9630734504
9630743254,9631121811
9630993296,9631362265
9635223232,9636525533
9641207786,9641394121
9650144346,9653302048
9665282837,9665983847
9667317052,9668212124
9673190357,9677370908
9680807190,9681697943
9681178420,9681778192
9681797866,9685252814
9682510686,9685753384
9719148382,9719802530
9730731193,9730816226
9740359279,9743439625
9740574870,9743850602
9746237068,9746559030
9753622150,9754840437
9758447660,9762100833
9774703900,9775239920
9779452614,9779784472
9784104665,9784708448
9784518585,9784894844
9793818014,9794468590
9794042161,9794745737
9796005823,9799650383
9799329714,9800088465
9799935512,9800657493
9807081729,9807581751
9807896888,9809269672
9809144372,9809853457
9811224564,9812027639
9812464371,9819937602
9825984755,9826784796
9827105886,9827600175
9831472418,9831924882
9843722355,9844702872
9844393090,9847844313
9848158381,9849385422
9854112186,9854910967
9875082203,9876036440
9881253644,9882223082
9884287218,9884952541
9884918644,9885040373
9885137155,9885831090
9885152223,9886416842
9897739892,9898566847
9900906043,9901195815
9902913360,9903194747
9904800783,9905801374
9910210085,9913767809
9924196293,9924458937
9924481632,9924835553
9924926138,9929375935
9929792552,9930136042
9943584640,9944211643
9950591726,9951022384
9951808567,9952647547
9955132980,9956236347
9957493183,9958232062
9958142543,9959180659
9967711845,9970660230
9983708869,9984171847
9986047122,9986396079
9994030411,9998615648
9999896477,10000323868
10003187173,10004274294
10003376863,10004183676
10006081585,10009610865
10020166871,10020835956
10038599452,10039050573
10063744845,10067274305
10071975287,10072465376
10081579432,10086189431
10098511041,10099058209
10100452800,10100948312
10128366537,10128705628
10161445446,10165655397
10175400487,10176323580
10195041042,10195253393
10207153168,10208287636
10211195158,10211444047
10213817303,10213877645
10214207056,10214800660
10215784562,10216194490
10216150599,10217042602
10216331613,10216706063
10217178013,10217688784
10223620775,10227774513
10228995835,10229632029
10234118491,10234807979
10242001226,10242578700
10245847256,10246478882
10249047935,10249698273
10250078775,10251099255
10257426953,10262114902
10270791300,10270924368
10276277038,10276358249
10278188986,10281646537
10292478501,10293331666
10294018501,10294527817
10300601249,10301944169
10300787190,10301896441
10308335551,10308992538
10315968644,10316773503
10343714411,10344143098
10346950834,10347973873
10366458401,10366985688
10367017019,10367602665
10369246372,10373382867
10385781674,10387030739
10393505633,10393686576
10399736849,10400607928
10418336558,10419389842
10423942986,10428673685
10445273727,10445885088
10474219624,10478686496
10481340908,10481976798
10488758109,10489583247
10493953553,10494866597
10495012708,10495439454
10497412418,10497985155
10497927914,10498019152
10512456136,10513743824
10515876926,10516256878
10542706135,10543511441
10551766251,10552200721
10552737871,10553600811
10558895088,10561981631
10565145708,10565228785
10578461042,10582395556
10589473331,10589778188
10596196070,10597204617
10598517602,10598972265
10602630967,10602865615
10603733333,10603881886
10608894266,10609747010
10609333711,10610060295
10610096471,10611261508
10611665549,10612063539
10618474407,10621965008
10623675587,10624566775
10625807971,10626133652
10633666681,10634341309
10638311209,10645303505
10648431162,10649160984
10649824873,10654440736
10650004313,10650387677
10654643575,10655231162
10659336746,10661900573
10662233453,10662500090
10673288984,10674201870
10674694171,10675560903
10681361167,10682148286
10682365511,10686184289
10683148450,10686732366
10689115231,10690035387
10697078321,10700457507
10717206747,10720464939
10720260229,10721001280
10738195908,10738666670
10738287372,10739143456
10740146300,10740923349
10741888003,10742832651
10743547763,10747006413
10778459940,10779007219
10787942599,10788246788
10795305738,10795935400
10798101203,10799349592
10803617387,10804314776
10815679633,10816429394
10816086147,10816355403
10825454194,10826358000
10837062485,10840859531
10843772796,10844104213
10843803065,10844479115
10852609163,10853331214
10852962473,10853788072
10863005120,10863596599
10882434337,10883000281
10884680037,10888840596
10888031671,10888598504
10903547074,10904402056
10918399433,10918954336
10927110810,10928071452
10932880906,10933724003
10941873002,10941910346
10958740813,10958827319
10960395396,10971027093
10973768239,10974530591
10974742858,10976983607
10982986911,10983888676
10994434967,10995345327
10994989128,10995720961
11000713677,11001778708
11021661438,11025236030
11022052984,11025675010
11028320733,11031612150
11035756292,11036858664
11052499110,11052825352
11069012486,11071596369
11073489829,11074328059
11090237625,11090308158
11095610381,11095918863
11114108787,11114720949
11115659314,11116022489
11156505740,11160142523
11159851468,11160991068
11175307203,11175784560
11182468892,11183235390
11182607485,11182659353
11182708243,11183989029
11183851799,11184572751
11194183537,11194873543
11200794557,11201347689
11210460992,11214282550
11219008378,11219796222
11220536725,11220763231
11221900799,11222923538
11223467616,11223610276
11239016829,11243320469
11253991609,11255224520
11255676082,11255715819
11256036501,11256906521
11258458965,11259216270
11264134323,11264324086
11277669707,11278386109
11285286794,11285439583
11295124297,11296142338
11297264165,11298168111
11301061330,11301981513
11309759418,11309996040
11310088332,11310351454
11321877417,11322132116
11337950435,11338512053
11339090470,11339631885
11339830689,11342879941
11351122076,11352020390
11351441523,11352057704
11352593474,11356635110
11353811591,11360751679
11361735045,11362016138
11363088636,11364043895
11364525365,11365332449
11375246615,11375451232
11375559527,11376767411
11376918296,11377136347
11378242651,11378676600
11383332426,11383523843
11404780105,11404964349
11406617178,11407518147
11408753006,11409174620
11416538734,11417006339
11422582546,11423228061
11422619152,11423348219
11455241264,11456055564
11456025403,11456427486
11457386400,11458035296
11465451541,11468796818
11470191983,11476611071
11481971729,11482552364
11494262038,11495069035
11507917230,11508256913
11508622694,11508985449
11519633029,11520993248
11521679328,11522534223
11523545035,11523632540
11544747696,11545118165
11545696110,11546771822
11551943546,11553387291
11552700419,11552944432
11553927447,11557440797
11557484790,11557665235
11561466905,11565404428
11575437414,11576414058
11577604690,11578000015
11578217838,11578648256
11580010095,11581246628
11583536702,11584421131
11593433677,11594250973
11594463190,11594890538
11594719527,11595188058
11612360653,11613617401
11613353664,11613889160
11624317437,11624802448
11624862985,11629283014
11633308965,11634257920
11640164240,11641352487
11641643920,11642664260
11642855636,11644554101
11656682297,11660048617
11681404315,11681497506
11681915358,11682006769
11686922961,11687475923
11700391811,11701441979
11709984654,11710602052
11728989199,11732081984
11729099786,11736066902
11736358679,11736865743
11746937587,11749662221
11757153864,11761483512
11761036113,11761941860
11762444902,11762556027
11779004963,11780119403
11798637994,11799331939
11804733413,11805478463
11813790356,11817867753
11833555085,11834199307
11844695003,11845502856
11853276537,11854163859
11864644241,11867599721
11888722795,11889152926
11894559234,11894876443
11905796032,11906188510
11911940836,11913047397
11913325838,11914386014
11913500383,11914046432
11925271179,11926155655
11927923794,11928668941
11928980216,11929849614
11930163635,11930553507
11934326325,11934391439
11936231658,11937203558
11943502715,11944268176
11962026431,11962909742
11962425409,11963190695
11963800541,11964178680
11975131919,11975203962
11979307133,11979413958
11989582447,11989646435
11996026630,11996105540
12030866776,12031487064
12031538066,12034547522
12045909957,12046274723
12046929468,12048081272
12048543903,12048578404
12069808979,12072679009
12073151245,12077503447
12104592935,12108329634
12114388784,12114912920
12116539212,12122304954
12119273164,12122870324
12124014257,12127322412
12132223538,12132561757
12141075292,12142089288
12142781021,12143275426
12144029898,12144367652
12149356245,12149421316
12150690713,12154067778
12162056526,12162443475
12163076602,12164411086
12165627206,12166269182
12170110899,12170683562
12172190006,12175220339
12179984758,12180252688
12188512563,12191878155
12194140787,12197732885
12199027132,12199205292
12218402802,12218473645
12218609143,12219019999
12220269731,12220700268
12224882978,12224941227
12234175045,12235013158
12235292148,12236351825
12236255312,12239747693
12240055908,12240224930
12240099390,12240307278
12255345420,12255850363
12277430520,12277778864
12278074335,12282995641
12289910417,12290448107
12291515679,12295353413
12295960060,12296681256
12299158114,12301943983
12302630940,12303503304
12306541697,12307134950
12317994638,12318905576
12319874103,12320326635
12320313186,12320907377
12321751466,12325907904
12326969508,12327533144
12363615853,12366980185
12373538768,12373814887
12379529347,12379966351
12382902204,12383502870
12395355072,12395471043
12398235818,12402389681
12400213954,12400423107
12432308057,12433015834
12446916897,12447171462
12446970309,12447384269
12447901977,12448552713
12453229970,12454081211
12456078304,12456517206
12456923120,12460621567
12461772917,12462190724
12476866202,12477929223
12478735296,12479784815
12479789698,12479904601
12480983557,12481780951
12485878261,12486278467
12507799851,12508242380
12528440647,12528607936
12537775503,12538258202
12539698970,12540515134
12547812056,12548506712
12567634353,12571844410
12581598414,12582353817
12590179523,12590340738
12590700269,12591611231
12609780037,12610463999
12614307182,12615240763
12625129261,12625511226
12627374046,12628137464
12632387131,12633818141
12641609134,12642091316
12643340227,12644428206
12647521208,12652055155
12653340204,12653708588
12654370280,12654415268
12657526895,12664213622
12669196726,12669836989
12673847498,12674268394
12674100568,12674571123
12680003353,12680760223
12683947261,12685100241
12685372805,12685421636
12688858907,12689223689
12690002342,12691263056
12702976085,12703868489
12718810120,12719613047
12719190818,12720025601
12721210590,12722249198
12724438157,12725167341
12725073983,12725970855
12735161824,12735432551
12736322388,12736891900
12739291696,12739589530
12740175773,12740396159
12741278757,12741996954
12758091594,12761017618
12764828425,12765527880
12765307320,12770998950
12769138303,12774987143
12776522784,12780518750
12794646412,12798713853
12801880194,12803005983
12803305200,12803802673
12806841900,12810332455
12813309300,12813393715
12818738711,12819565470
12832318112,12833003367
12836503473,12837203294
12838482557,12838812367
12843431871,12846849959
12849461190,12850627336
12856552436,12857661650
12859983373,12860218388
12872417788,12873049492
12890534477,12891074556
12897002519,12897602792
12910113927,12910903263
12913254193,12913659978
12923880244,12924259686
12949240453,12949840051
12951777133,12952355786
12965816117,12966775368
13008468833,13008934403
13015749104,13016568358
13018691073,13018903377
13033529912,13034202802
13036146592,13036956629
13039173942,13039441203
13041978524,13045433649
13045465424,13045972696
13046011247,13047018894
13053375073,13053807455
13064735035,13064916855
13089078340,13089912916
13112704438,13112817210
13125384863,13126189912
13131120120,13134548872
13136485837,13137202322
13141452747,13142599256
13147460691,13150929474
13157807247,13161212168
13159013497,13159528714
13161346235,13162076752
13162842963,13163158708
13164002952,13164988961
13172914128,13174009388
13180165835,13181438365
13180609786,13180898817
13181219289,13181626752
13194504036,13194690889
13195697835,13196261989
13199114017,13199837432
13209203168,13209459589
13222218599,13222451259
13235021157,13238492947
13247878046,13247950734
13247955651,13248112510
13248214474,13248692359
13254918992,13255778756
13261897041,13262955789
13268312000,13268672816
13284987595,13285140063
13294478789,13295105961
13306925830,13310153860
13317193961,13318013045
13318835300,13319600145
13323652241,13324380703
13338052911,13338180225
13341166920,13344184090
13353895217,13357802793
13358554314,13359080776
13373226228,13377503043
13392469541,13393032846
13400463781,13401671822
13416976759,13420693653
13421768002,13421809977
13444464074,13447456775
13447841226,13448561373
13452624023,13453767161
13456715208,13457286153
13459102906,13460085330
13461181221,13462224402
13463240122,13467614384
13471663544,13471906367
13473738625,13474241747
13483703299,13484082624
13493479537,13494578434
13504292000,13508639713
13510032481,13510154729
13515575483,13518979469
13521374812,13522382216
13523687698,13524105991
13524924808,13525625040
13533830101,13537491530
13544216447,13547466962
13546649284,13547109282
13548006486,13549101185
13548889385,13549458346
13560548215,13560750833
13586563026,13587188579
13587230604,13588176662
13590247931,13591382820
13591566600,13592225227
13595717951,13596792390
13600189376,13600769697
13604186209,13604821988
13604311601,13604476341
13605661992,13606729334
13626254279,13626492051
13655028603,13658496166
13659278109,13659993900
13662561135,13663713747
13666604197,13667335122
13682181240,13682638051
13682807127,13683144550
13683372426,13683945220
13684290602,13685172902
13690643206,13691544252
13691793059,13692479396
13694682339,13695523133
13695477195,13695669745
13700490905,13701154745
13709735628,13710590048
13715281289,13715976053
13716137506,13716855789
13720947689,13721902595
13722044013,13722402481
13722632654,13722688494
13738779717,13739613095
13748597096,13748946768
13772139675,13772955960
13785885719,13786773182
13787638918,13788495237
13787707847,13788683028
13791305799,13791990903
13801957666,13802779580
13810658061,13811167722
13812727199,13813755867
13817128432,13817809704
13818058852,13818841978
13820125106,13821207563
13826909244,13827580533
13832990503,13836438171
13838354005,13839119050
13848525083,13848717790
13866967853,13867951263
13875707107,13876824079
13884591877,13884892988
13891278377,13891746193
13899841645,13900275578
13899947639,13903953073
13906898801,13907929047
13919386323,13920485819
13920081170,13921238032
13932103298,13932978924
13933984336,13934353809
13942492875,13943432158
13948079528,13950500696
13950574680,13951011195
13956641958,13957369244
13960307379,13961358525
13966834368,13968068679
13973034898,13973622324
13974122884,13975002835
13974835180,13975442936
13975281625,13975638364
13978112752,13981556973
13993704586,13995957961
13993854282,13996567540
13997186127,13997595697
14000699267,14004215179
14022846139,14026580693
14030837392,14031799841
14034634916,14035371303
14038989250,14039388828
14045377441,14045956726
14048074226,14048519347
14059698123,14059845199
14084604876,14088183738
14088282090,14089250566
14092210734,14092476766
14099697228,14103307364
14106890552,14107675122
14118524325,14122068258
14118718030,14122066674
14152060323,14153226476
14155086650,14155880193
14159687412,14160385569
14161073927,14162027339
14163601041,14163914488
14176174141,14177237581
14176630066,14177621273
14190040614,14190761079
14192401937,14195556481
14196706698,14197774034
14202344167,14203282327
14206224087,14207200911
14215436739,14218778831
14220990565,14225041174
14228838728,14229985287
14235497665,14235566829
14247581811,14247800045
14254388981,14254764377
14255284361,14255703898
14271160397,14271623522
14273432421,14277221598
14276979330,14279927918
14277870738,14280998843
14288611506,14288866547
14292064783,14292426880
14293769519,14294739278
14296304882,14296894230
14305002288,14305667774
14305936810,14306810474
14309030623,14309122234
14320061892,14321129152
14343821368,14344234560
14356780545,14359777476
14366542203,14366961038
14367160315,14368309043
14374612609,14375585281
14376092001,14377233258
14388401440,14392892407
14398118548,14399231490
14429784041,14433599264
14434250218,14434477082
14437375974,14437513993
14442935022,14446250274
14451575879,14451803304
14455243816,14456140369
14469779548,14470285146
14476427073,14476717441
14506539558,14507086192
14512656822,14512862154
14515380795,14520225897
14527962872,14531409293
14528326605,14531936727
14531740981,14532291187
14553777440,14557590034
14561217115,14565336564
14589485899,14589755820
14612386140,14612788811
14618407551,14619346667
14622207550,14623363296
14633009803,14635603208
14640806099,14641634194
14644077398,14645779307
14646475553,14647501349
14649032655,14649177861
14653271651,14653856388
14656664666,14657414139
14661541803,14662145687
14663073287,14663835389
14686773351,14687208009
14707226058,14708170700
14713748687,14714257887
14728304375,14728926119
14736111932,14736769655
14741893778,14742860991
14751183050,14751994644
14751953541,14752548615
14756243970,14763955878
14756972479,14763950629
14757455449,14764524883
14764145180,14765331088
14766241459,14772653738
14772584511,14775444515
14775912355,14779531447
14779831500,14780191395
14798793432,14801598625
14809847128,14810688586
14820914940,14822077608
14821304565,14822099725
14822475065,14825980344
14836443069,14837584185
14840280182,14841314369
14847809994,14848674571
14853714069,14853995152
14860054042,14863733267
14906509867,14907236923
14931813943,14935309128
14941184676,14944624332
14945137380,14945717046
14954061807,14954997054
14957023030,14960548200
14969408361,14970617672
14981208440,14981959801
14993491316,14993600072
15007190030,15007482402
15013939763,15015149652
15016153742,15016568514
15020348581,15020668258
15022957828,15023676334
15032129744,15032891058
15050855020,15051020819
15051766203,15052620330
15054315835,15054819134
15055617508,15058692756
15064451226,15065109703
15064478244,15065443859
15066568302,15066697421
15066877729,15067100777
15094367512,15094497413
15130808871,15131236185
15148442158,15149500871
15156933050,15157254190
15156957615,15157090596
15163151907,15164089189
15165431762,15166270517
15171253427,15171784483
15172692468,15173225235
15178053264,15181732099
15178479185,15185110300
15181654396,15186139222
15203709738,15204528638
15204108327,15205245421
15204546769,15205509819
15206275426,15207364608
15215449186,15216246642
15216570762,15219436807
15219629095,15219670997
15232483959,15233231010
15239547673,15243665251
15268492594,15268843672
15269305174,15269770230
15279882448,15283439644
15291043491,15296022987
15305086254,15308366636
15317869138,15318189115
15332211202,15335403428
15345621159,15346390784
15345720844,15346749710
15380922115,15382017792
15387635065,15388438143
15387958791,15388752795
15388542589,15388830528
15389218613,15389461446
15389404213,15396669146
15393693099,15397429116
15398553642,15399709124
15409075902,15410389499
15414433924,15415322623
15414793091,15415237310
15433020594,15433211763
15440928946,15445161418
15458130777,15458763373
15459010963,15459328729
15466727729,15467042545
15467150309,15468005625
15467699900,15468754163
15478158779,15481365108
15482728825,15483640726
15512352376,15512414677
15512889812,15513770095
15514662689,15514903755
15532481273,15536378742
15532907434,15537176756
15540654852,15541240929
15544127136,15544291919
15549265405,15550159903
15557695205,15558744256
15562159741,15563113253
15569205949,15569526722
15569951286,15570760528
15571701679,15572110895
15576125480,15576364277
15576565125,15580309067
15580527642,15580772169
15585894645,15586597476
15587657379,15588818420
15591662909,15592446911
15599127427,15602833414
15617872455,15620867752
15621642503,15624096124
15624398515,15624934021
15630276241,15633188023
15649283953,15649376206
15650029204,15650086353
15660073368,15661067271
15665733321,15666109319
15666590909,15670104904
15673676773,15673726579
15676172262,15683019145
15682984884,15683903962
15683055270,15683505189
15683546339,15684639640
15690665638,15691112353
15694511267,15695737597
15699425205,15700133167
15700685334,15701639828
15703187796,15706576032
15708038430,15708146742
15709283745,15710346571
15709533601,15710839621
15712916766,15713159613
15716502768,15716701213
15718402852,15721823038
15729712441,15730307335
15735097154,15735816977
15759888777,15760492149
15774887056,15775526684
15774889351,15776006483
15775459869,15776390977
15780594362,15784684234
15784786299,15789026965
15791321403,15794189181
15797707727,15798026304
15801545257,15802353774
15802177375,15802681747
15802392702,15803444303
15803873030,15804385026
15806678157,15807416446
15809312169,15810250175
15818934728,15822452527
15819137324,15822896384
15825480454,15825599360
15832507240,15833353507
15835384970,15838707566
15841351822,15844568598
15846089652,15846305968
15846463511,15846628175
15850811050,15854157997
15859460957,15860177462
15871197560,15874714475
15882345273,15883286059
15885484483,15886458548
15887046652,15887870263
15890001645,15890521492
15890202176,15890887537
15892516168,15892632797
15895092935,15895384660
15896348316,15899648717
15900739784,15901371457
15907193240,15907513408
15915128366,15915481736
15923953364,15924625973
15929224422,15929900951
15948664942,15949187167
15948915990,15950205666
15982314009,15982461426
16004792401,16005492155
16010790360,16011653148
16022445665,16023118216
16030410504,16031756338
16030429640,16030873577
16039814543,16039963327
16048097973,16048898287
16067191134,16068526878
16067681267,16067796491
16081332002,16082512845
16087758337,16088378891
16088444086,16089178585
16093769879,16093936827
16095461318,16095795574
16118663990,16119422704
16119906984,16120606250
16124454929,16125448498
16134441232,16135176176
16137956109,16140920243
16154653298,16155415473
16155904430,16156162658
16158436823,16158913392
16160345724,16161448948
16163046157,16163801421
16167903897,16168311339
16167910979,16168672076
16168732077,16169612941
16183146629,16183314973
16192319031,16192485027
16199435801,16200375239
16212415502,16216014883
16212581317,16217094944
16214006875,16214317051
16226319751,16226839745
16228285226,16229023953
16229032034,16229946788
16240012601,16243658107
16244040332,16244842691
16245648129,16246406494
16246827165,16247914212
16253429264,16254076850
16261940648,16262548845
16262065591,16263119824
16269384252,16270124788
16280326439,16280366396
16280618133,16281520195
16287206885,16288018576
16303407509,16304073009
16312288540,16312508091
16331914449,16332962107
16331958121,16332917132
16332535521,16333713635
16337183948,16338168580
16339440406,16340452804
16340620818,16341381570
16343145597,16343238203
16344463179,16344955081
16362596569,16363044503
16367289309,16368448801
16373444694,16373724056
16373747613,16374465952
16380431230,16380591289
16382634982,16385109634
16393040096,16394119042
16393736042,16394131814
16398712010,16399059149
16398905805,16399395577
16405799841,16406143653
16406876983,16407236193
16417644886,16420452201
16421958140,16425825508
16435705598,16436108927
16458384862,16459385470
16469407919,16472494633
16480569740,16481332226
16481177977,16481988204
16486063640,16487071087
16488457947,16489550390
16500151020,16500606532
16500558252,16501290273
16525429722,16526752597
16525538816,16526449080
16529514940,16530401016
16530781574,16531368911
16538475862,16539042251
16541758467,16542779939
16542726802,16544021734
16545365217,16545890483
16548152472,16548891190
16549671885,16549970335
16550292020,16550513445
16553565936,16554333400
16559776380,16560397366
16560479551,16560987165
16565766563,16568881186
16570838580,16571799939
16593285773,16593579160
16598351042,16598519885
16601559302,16601644672
16640178220,16640457829
16640337042,16641193094
16644232407,16644702882
16651097124,16651489833
16653118330,16654026566
16656836861,16657922348
16659609250,16663108381
16659626115,16664146231
16669520427,16670554588
16672036666,16672457856
16678589454,16679425503
16685475388,16693088189
16693542607,16694349785
16696157671,16696756984
16697869001,16701350817
16705757135,16705949390
16709666719,16709929009
16724304365,16725089038
16724325456,16724912618
16735099225,16735488924
16735290899,16736009129
16746225606,16746954683
16750139630,16751347107
16754629793,16759014025
16759042454,16759436479
16778630106,16779662479
16784778230,16785360873
16785992218,16786683406
16789889364,16790617960
16791076384,16791409295
16794949943,16796011874
16801970289,16802280070
16801995393,16802067589
16803204533,16803880477
16808985159,16809873791
16812836127,16813789248
16813255787,16813619196
16818592254,16819431818
16818973909,16819340398
16821077944,16821664332
16821383580,16821982248
16836430749,16837195905
16837274162,16837378662
16838713654,16839471957
16844515668,16845174998
16861190640,16862012056
16861703030,16864697409
16870810826,16871365166
16871589354,16872004193
16919371959,16926548248
16934745798,16937268326
16942165030,16943001277
16948931301,16949541025
16965982113,16966500621
16967418101,16968452325
16968007194,16968159185
16968440515,16968485043
16969197272,16969500248
16969329177,16970039729
16980283686,16981034502
16987310663,16988262534
16988525947,16989102252
16988706396,16989089597
17001737271,17002801828
17005257774,17005645362
17017564958,17020387538
17017626341,17021525334
17034068502,17034369035
17038407648,17038636737
17040791127,17041317986
17041723778,17041861690
17042549036,17042800232
17042866642,17044006623
17047263936,17047803959
17054790665,17055711707
17065930400,17066791436
17077434162,17081118108
17081625316,17082610306
17114982886,17115284072
17124304488,17125569265
17140965649,17141117669
17144167483,17144555869
17177271370,17178118768
17179834465,17183863810
17184345961,17185226121
17197886962,17201017241
17202123001,17202862692
17230640264,17231407521
17230884878,17234650319
17235106879,17236010855
17240684272,17241692674
17265658257,17266719362
17266862680,17267480335
17269780388,17270179164
17271620026,17272388499
17273727767,17277631384
17277654333,17278765034
17291440442,17293606903
17310831214,17311373632
17315797110,17316689877
17322013168,17323028329
17325480941,17325561976
17328122532,17328239752
17334412448,17335136316
17349339345,17349563621
17358587567,17359384548
17359349161,17360147041
17361101655,17361285949
17362582755,17363196166
17368375066,17372551901
17384935589,17385793027
17385121427,17385651079
17395473094,17396136312
17397776562,17398650784
17411034294,17411472239
17412098403,17413021700
17414978911,17415509171
17431305126,17432036986
17439737615,17439941617
17440985938,17445276831
17451535723,17452663640
17452362933,17453200275
17458229901,17458255044
17463284420,17463647478
17469495377,17470179873
17471382723,17472264318
17477036030,17477113185
17498856179,17502596085
17502738154,17503186312
17503869037,17507436012
17518806629,17523275629
17522418251,17522631177
17529659724,17530023875
17547657591,17551849276
17558068696,17558603523
17566308659,17566565360
17566857318,17567843778
17568032939,17568268977
17574233335,17574968175
17581100291,17582128097
17581144016,17581879799
17581693233,17586219690
17616306168,17619164596
17622407641,17622553163
17638464757,17639523948
17643069214,17643650019
17643895224,17644492482
17646338117,17649467097
17658837149,17659184411
17673260523,17673320569
17674236783,17678044727
17688987829,17690193843
17695353480,17696178023
17704568487,17705215214
17706772764,17707551710
17710252681,17710559105
17710253543,17710709552
17722288244,17723236885
17723250121,17724152792
17728500036,17728916806
17732953902,17733878939
17734186960,17735454322
17735969144,17736011537
17736907722,17737753804
17739688350,17740258321
17741277201,17741623783
17741705101,17742862399
17742432781,17742685774
17748411370,17749112233
17749349887,17752779511
17760195992,17763330714
17764026837,17765338269
17767028325,17770551304
17774123751,17775148450
17776866696,17777539327
17778731004,17779621272
17782818171,17783121962
17788881343,17792715731
17801209376,17801571328
17802127406,17802816970
17804580984,17808779720
17810683604,17810880292
17811511733,17812244426
17812355242,17812602854
17822712748,17823435013
17832611624,17836749624
17860172425,17860798151
17860237201,17860619577
17866985398,17874647222
17894673210,17895180318
17915051512,17915858261
17915939168,17916551444
17916515786,17917340951
17936846965,17937669654
17938560093,17938808335
17956911787,17957267813
17973745461,17974776438
17993840665,17994054813
17995017830,17998413524
18005594456,18006087319
18008477844,18009351501
18029432102,18029650022
18042641953,18043814357
18045533138,18045978226
18048873774,18049209637
18055993498,18056358621
18067858548,18068764375
18076169158,18080022925
18080437159,18080635124
18081503316,18081847569
18081969461,18082205399
18084148481,18084959049
18097621357,18098066531
18118473682,18118860668
18121871704,18122653300
18139348985,18139978651
18140174952,18140547031
18143742895,18143863208
18143966141,18147852559
18148247844,18149319570
18148962952,18149517538
18156208768,18156322549
18164712292,18165192656
18165199004,18165525763
18166226256,18166764534
18166881786,18166990379
18167716272,18168247498
18171455390,18171713618
18172032637,18172630671
18172635020,18173684256
18172966785,18173115745
18174384586,18175237878
18177571031,18177861637
18177917936,18178644450
18185052855,18186120989
18186512588,18190597400
18200151107,18201139785
18202878753,18203354109
18208497775,18209265543
18239364875,18239457127
18251870873,18255379284
18255277005,18258874797
18263217739,18263770513
18286036458,18286133401
18291907656,18292445771
18296925963,18298217603
18302902265,18303641535
18307773913,18311689500
18312734930,18313019134
18330492680,18331215386
18338587719,18339009888
18339029408,18339449964
18340541167,18341093785
18343636187,18343716933
18346976415,18347025804
18349863011,18351081346
18354874842,18355959628
18356067542,18356310736
18362362215,18363280059
18363597056,18368663396
18370977645,18374363480
18377009410,18377579861
18378285024,18379103189
18383778263,18384123771
18387475993,18391418275
18393763741,18397235276
18398602986,18403750699
18403655871,18404571754
18408155113,18408875965
18411883229,18412417074
18413013611,18413784139
18418335268,18422059883
18433648658,18433806842
18433755563,18437316030
18441925682,18445115329
18463328462,18464134774
18467998177,18471542390
18472564257,18476451172
18473486615,18476906122
18479026008,18479987789
18480422693,18480783363
18492983097,18494303596
18496056588,18496989433
18497837603,18501276478
18504230605,18504366119
18539900898,18542637784
18542731372,18542882491
18551753636,18552663533
18551967400,18552577441
18552280182,18553632182
18566625015,18567783902
18570274620,18571182492
18572079265,18572363816
18576706457,18579721005
18586064582,18586426047
18595941778,18597060123
18605387825,18606253294
18617039378,18621271251
18623261537,18624511600
18643792765,18644542195
18645147819,18645673760
18663305093,18664128757
18664172860,18664390139
18672632705,18672853775
18675973728,18676478397
18677001441,18677341775
18679312239,18680187223
18692209482,18692507858
18701664302,18702290122
18708287305,18710983048
18717716202,18718030523
18724005056,18724693258
18724568103,18724590317
18725101291,18725482039
18729981766,18731022562
18732547755,18733701580
18734528146,18737471012
18768565645,18769445443
18769219351,18769667442
18769998665,18773829678
18770925674,18774457997
18794385341,18797584978
18798113084,18798323590
18800774833,18801785538
18811941845,18812544853
18812895566,18816915524
18822940505,18823498866
18823133173,18823346536
18823830147,18823908087
18830840266,18831616467
18831695432,18832316976
18833428409,18834652269
18835086886,18838502345
18839070016,18839605963
18846094749,18849691167
18851215994,18852409270
18852705847,18856402524
18862801112,18863861699
18863880996,18867715406
18895668589,18896551755
18907013583,18907907011
18914045687,18917556345
18916007305,18918104903
18920255455,18923544778
18924370676,18925575787
18927529585,18928500242
18934594836,18935291298
18959224892,18959385660
18959951110,18960815520
18962592309,18963098401
18972170532,18973334817
18998634089,19003040561
19007031449,19007854124
19023146129,19023569647
19028593149,19029270937
19037261629,19037868754
19042345650,19043500808
19044188082,19045233437
19052104120,19052400846
19062859688,19066500660
19073539654,19074394857
19090882147,19092097054
19103802629,19104669054
19106887192,19107563643
19110693622,19111318620
19142304787,19142948075
19142868335,19143776136
19143933130,19144434322
19143952793,19144765313
19145067469,19146098415
19147350296,19148028818
19163114406,19164158673
19164969815,19165384754
19165276943,19165621801
19170170790,19170457995
19170858831,19175063290
19174228085,19174730777
19180439668,19181334600
19182892509,19183576243
19184341398,19184558624
19192308678,19193111516
19193484511,19193830314
19193574306,19193932013
19198880370,19199284073
19204185974,19205268969
19209083307,19213598832
19215037619,19215861531
19239746143,19240439293
19239789021,19240420827
19254741987,19255394845
19255838376,19256412793
19257024003,19260921433
19263542951,19263601460
19263818177,19264125650
19267991681,19268053187
19271070241,19273861232
19274366158,19275639949
19274880653,19275072063
19276729435,19277732332
19282693870,19283322119
19285804592,19286808214
19293141308,19293479223
19293560106,19294622227
19294713280,19295831127
19296566124,19297794749
19307181892,19307669015
19317359906,19318501320
19319090173,19320107723
19319602955,19322735946
19323637965,19324548707
19331737399,19332599270
19336915309,19338016136
19344510886,19344620331
19359566889,19363444606
19359593350,19363254587
19370027896,19370754558
19374165504,19377474440
19375050511,19377618057
19381457603,19385599970
19395933796,19396339424
19411686573,19412551170
19412547271,19413335529
19418885423,19419913587
19431990119,19432810167
19441189327,19442087987
19456828544,19457801506
19457435253,19458195548
19459042733,19459186712
19462968674,19463866299
19470895602,19471886188
19474054249,19474899953
19474704718,19474899539
19485476326,19485576442
19486740484,19486959510
19487440178,19488584632
19488772989,19495380106
19501187933,19501570840
19501468144,19502736181
19505244273,19509045601
19523373413,19524608605
19524627328,19528034434
19537764367,19541291435
19550928427,19551440246
19564319204,19564938550
19574759412,19574871081
19574902322,19575705417
19578644340,19579497070
19599212675,19599584052
19610560066,19613991571
19614906148,19615083560
19628013032,19628533671
19634640084,19635353700
19638758494,19639738820
19646209491,19646579870
19661182149,19661611999
19662224783,19662623653
19662670459,19663147422
19667084752,19667622369
19669440601,19669639969
19669780584,19670499956
19670518892,19671137466
19678784551,19679584425
19694071931,19695002234
19694424519,19695104498
19707383692,19707966478
19727169439,19727551979
19728649323,19728802052
19744795484,19745765176
19750151789,19750713631
19756288234,19756446168
19757989374,19758745272
19758409068,19759021764
19765401218,19766313907
19766939630,19767018348
19769402763,19770210749
19770271234,19773821936
19776283356,19779833577
19783692308,19787542765
19791289312,19791398596
19795658135,19799245890
19795845142,19799898731
19800022465,19800561074
19800857739,19801858023
19805685235,19806455736
19814273399,19815271545
19821625977,19825761569
19837012358,19838336068
19839563610,19839935144
19842987778,19847767325
19874731512,19875177892
19877510493,19881681432
19889589657,19890358575
19893476827,19893886207
19903650688,19903843164
19904477102,19905328259
19908585125,19911513244
19909552990,19911637295
19915627464,19916040486
19924491308,19925053020
19937503506,19937995724
19942505810,19942753508
19946242854,19946956078
19954110882,19954700313
19992407008,19993184642
19998393855,19999185797
20003001712,20003624101
20021517421,20022382726
20022089610,20022701261
20025890571,20026101799
20030167042,20031409320
20032624548,20033464209
20058347148,20058834137
20070897232,20072082579
20073476858,20074314835
20080441434,20081685247
20080899698,20081604671
20081435752,20082129761
20081914155,20085189523
20090000117,20090446499
20090273087,20090798720
20093268236,20100007487
20105403930,20105929754
20112650819,20113500679
20124499762,20128318691
20128306530,20128628031
20129438128,20130089386
20132709206,20133443001
20134406542,20135019296
20135572234,20138669245
20141153349,20142128109
20142195976,20142803768
20143428285,20144332285
20144357405,20144510258
20155501249,20155783094
20170469851,20170563092
20182823520,20183161736
20184183385,20187989876
20198980352,20200258295
20199724136,20200988976
20207342940,20207394978
20207962051,20208141093
20223013523,20223507862
20224080326,20225117712
20224117126,20224714053
20232003348,20232637166
20239185013,20239584898
20240133827,20240333703
20252360720,20253866010
20273175128,20278860596
20274595564,20279508075
20295340476,20295516925
20295969302,20299750566
20296006229,20300617522
20310130547,20312908409
20334932342,20335838113
20350382164,20350675758
20368715449,20369499037
20371683335,20371961093
20372997693,20373579477
20374683714,20374977859
20375105585,20375839867
20376561996,20381580500
20406608751,20407256771
20408761027,20409371515
20409675022,20409919636
20409890273,20410276838
20417700523,20418069268
20421573975,20425484301
20431485182,20432243843
20453924820,20454544667
20455558696,20456187051
20468104587,20469356204
20470969241,20474019510
20471184060,20476404456
20489372068,20490400656
20492732448,20492888154
20495393111,20495967315
20496528792,20496946411
20496803868,20497485214
20502397606,20503228115
20502925476,20503805315
20516408636,20517485908
20528936700,20529890636
20541284783,20542413692
20543977275,20544399257
20549928179,20550237028
20556199112,20560360586
20559315069,20560462981
20565752596,20566791427
20567971365,20568815486
20571033945,20572120731
20576696717,20577066882
20576951958,20577593688
20583753876,20584432041
20587181756,20588015276
20589775478,20590434991
20595006790,20595469260
20595587191,20596182178
20598705750,20599762503
20606233201,20606892092
20615216250,20616042197
20616103597,20616415300
20618705746,20622826818
20631941264,20635072757
20638651251,20642511583
20642699492,20643017081
20649724555,20650719019
20650248063,20651020579
20654520736,20655133403
20656722099,20657325806
20658261986,20658704176
20660046442,20660394763
20667117785,20667631763
20667303972,20671003496
20668215241,20668281508
20681457500,20684972635
20685679342,20685938551
20702951148,20703419003
20714375760,20714844267
20720637582,20721324648
20721564627,20722241937
20722358027,20724317596
20723345562,20727523233
20730308077,20730625155
20750058063,20750167474
20755403117,20755662360
20756873792,20760204339
20768429519,20768628105
20778622881,20779217838
20783664016,20784571350
20797670270,20798065858
20800725446,20801395362
20808332799,20808952708
20808646021,20809386002
20809390569,20809722899
20809549898,20810092229
20816212376,20816629733
20826636905,20830129947
20826973052,20830372233
20839586548,20843488364
20843613919,20844760564
20843843548,20844653813
20852029940,20852816100
20863097020,20863680962
20872562014,20876563452
20877120299,20877185918
20897893705,20898790589
20903235214,20904032292
20911113151,20912412723
20913319780,20913902001
20925328194,20925441257
20934336042,20934635427
20946708009,20950406007
20952973326,20953388329
20957799100,20958479314
20964690942,20968379829
20970902784,20971990550
20983081895,20983395077
20985354670,20986130443
21015532114,21019283433
21016610806,21020116877
21023011085,21027028045
21031613900,21032697917
21037561374,21037996251
21040018733,21040984977
21042286240,21042789258
21052048245,21052133354
21071270443,21072213110
21077817327,21078291196
21078442021,21079335440
21080171523,21081217127
21081106894,21082203992
21093432215,21096511242
21099568537,21099988173
21102749364,21103611094
21121372836,21121799118
21126093346,21126187679
21141477352,21144685474
21151120408,21155560773
21156000803,21156391153
21158872804,21159802549
21165513604,21168980248
21167481656,21169639153
21170289860,21174642931
21182245665,21183465303
21189785313,21189925300
21191374928,21191580093
21192574327,21192896803
21196711930,21197573320
21198523718,21198944678
21213436995,21216254951
21219656521,21219852979
21228402269,21230717060
21232174810,21232893473
21232305709,21236859421
21238787416,21239723241
21240976364,21241114995
21263046219,21263982922
21263614138,21263860509
21272237943,21275529571
21280976709,21281564082
21282872718,21283057155
21304828995,21305840181
21308201299,21309334277
21310790661,21311775467
21319781851,21320583730
21333993580,21334513734
21335361042,21336372566
21337604210,21337801059
21338008412,21338265347
21340310714,21344523952
21355211175,21356506330
21362647703,21363466259
21363559387,21364265262
21377256818,21378191821
21378756272,21378998935
21390136164,21390734184
21390751731,21394311158
21400822121,21403662838
21405388274,21405809214
21414617845,21415250012
21418016913,21418173925
21425316434,21426402275
21425953199,21426359635
21430611477,21430747879
21434679824,21434734878
21449454821,21450373664
21459919039,21460599947
21473807951,21474264040
21481313147,21482248972
21486811337,21487219398
21506159260,21506572094
21509704702,21513282963
21527367617,21528318246
21534319321,21534397287
21535208961,21538958667
21535216579,21539018579
21541888228,21542862848
21549100017,21549654590
21549725684,21551027414
21550254431,21551271644
21559303696,21559674669
21565267277,21566068059
21567822859,21568768449
21568761751,21569574460
21574339511,21575110175
21576370204,21577342208
21585613556,21586332894
21585657649,21585876110
21591382879,21591697030
21591767410,21592569342
21594401506,21597659856
21597721131,21598712883
21601397928,21602229387
21609544847,21610292165
21622162006,21622515543
21624338446,21625024496
21639080860,21639577818
21642256198,21642471048
21645799188,21646782625
21659495240,21660369158
21662157657,21662736133
21662832368,21663201563
21672617250,21672893942
21677950395,21678971246
21683823042,21684444071
21685249956,21686561782
21688443004,21689288605
21707926270,21708442401
21712411530,21713208851
21717637106,21721424065
21721588147,21725219507
21731680193,21732804675
21742792328,21742974648
21743078797,21743403989
21747625673,21748436215
21757445393,21758097024
21771429262,21772491807
21777747455,21780427084
21781403625,21782309847
21797448497,21797762167
21798637151,21798704771
21799591542,21799847384
21800403827,21800914754
21800661200,21801633664
21802773505,21802876491
21836678177,21837461013
21839637600,21843488280
21843530309,21844306442
21849084789,21849289723
21856331057,21856507149
21857370874,21858605569
21862154570,21862666806
21896948188,21898106861
21920494107,21921689750
21925272462,21925885943
21930245978,21930338969
21937491593,21938189980
21943556783,21944005479
21944568780,21945600238
21946056252,21949250782
21950412351,21951234930
21950791220,21951656425
21966802575,21967810851
21972220296,21975488040
21977938243,21979103238
21986354366,21986729822
21993431567,21993533427
22002352963,22006096541
22007133562,22008120957
22014006443,22015061702
22015514082,22019981239
22019986545,22020563486
22020678936,22021198369
22026437708,22026713643
22030517197,22030830840
22042312134,22049997232
22050490017,22051320627
22059126989,22060266502
22060603629,22061225941
22071887469,22072396883
22077095402,22077470812
22084726159,22084913354
22085223943,22088858608
22089132137,22089390472
22104862163,22105608382
22116804140,22120870419
22134082247,22136727081
22136665261,22137395848
22138270338,22138863704
22140884406,22141483629
22141571097,22142017938
22145043334,22146882948
22147156982,22147561347
22151454130,22152286925
22167972827,22168668516
22168171156,22168430678
22172053946,22172729613
22174474168,22175378552
22175462802,22175666758
22182990478,22183988331
22213171614,22214046197
22216983850,22217953188
22222954984,22224134758
22226122308,22226270921
22233305312,22234034339
22263639738,22264727066
22265126584,22266313688
22265443856,22266010829
22269918124,22270159087
22274480559,22275283206
22275744708,22276433587
22275912471,22276766571
22278354593,22279317439
22287181842,22287816215
22287919525,22288021206
22291691913,22292644987
22308752707,22309665635
22309082797,22310381344
22309738274,22309995033
22315826607,22316831793
22328778227,22329395801
22349098891,22349479479
22352324510,22353617036
22355366506,22355857925
22365312723,22365962245
22374401838,22377548628
22394577942,22395326316
22399831755,22400356704
22400802804,22401329984
22402554723,22403120099
22403755611,22403994081
22404558201,22405547995
22414533610,22415816778
22424334684,22424865068
22432977229,22433197384
22451730933,22452094529
22464136499,22468486991
22481056546,22484806244
22488673893,22489480242
22516307790,22519129454
22519287235,22519881420
22529915023,22530026863
22538634071,22539344783
22538755937,22539238359
22539479695,22539911450
22541914153,22542815417
22550922677,22554194897
22558232387,22559363458
22582890918,22583645994
22582971631,22583272609
22583712308,22584035085
22584291823,22584537626
22590569080,22591572638
22606038339,22606440954
22606389865,22610052035
22606510508,22610475176
22607975220,22610598873
22630230791,22631235416
22632094106,22632821790
22635983425,22636228451
22664159394,22664744977
22669647685,22669955151
22674068868,22674707184
22682043149,22683022563
22686137578,22686388499
22686440904,22689731116
22689634507,22692911716
22710390360,22711346411
22711820441,22712708124
22724610648,22725523558
22744640505,22745088158
22747669311,22748196738
22752795235,22753444234
22761182078,22763503316
22764731202,22765443611
22766957792,22767642229
22770352701,22770954263
22776953247,22780881255
22785378001,22786232035
22789549745,22789889760
22792911729,22793595534
22828628634,22829093096
22835334414,22836411332
22835842084,22840501909
22847790412,22851249957
22858706864,22859568635
22860486603,22860634775
22863647636,22864244804
22869203670,22869675765
22877865311,22877938737
22878258548,22878599377
22898342346,22899035318
22900274146,22900619638
22902237441,22902394316
22904188528,22904242209
22904376757,22905238391
22907255554,22908136438
22913132448,22917166386
22917039609,22918123222
22950197127,22950553029
22952077136,22952866105
22957723552,22958581290
22962042098,22963167048
22963404151,22964355044
22964814945,22965309895
22971934936,22972583825
22973629950,22974589559
22987558117,22995304142
23013262652,23013446619
23019140973,23020116759
23020130556,23020428147
23035272451,23035771985
23036393155,23036941696
23040342766,23042756012
23052048084,23052812822
23068887033,23069674730
23080638205,23087900569
23083965888,23087570084
23089685322,23093368056
23107470561,23108268727
23119104023,23120169592
23119552765,23120132879
23121471405,23125962986
23127108500,23130587282
23131349687,23132678886
23135082588,23135984483
23135657165,23136665825
23145979132,23146577690
23150611926,23151314045
23160747009,23160997045
23165932876,23166776819
23177773360,23178380705
23178686851,23179232122
23190160916,23190381425
23190375455,23190957769
23192280952,23196606390
23195907354,23196140699
23197139136,23199895319
23203901832,23204239884
23204920474,23205663497
23206388767,23207532081
23209678215,23210429750
23214128191,23214590564
23222274331,23222972323
23222431576,23222870903
23226420981,23227022723
23227038064,23227912460
23236304051,23236355777
23239651404,23240419246
23243940834,23244358807
23273434994,23274351340
23275888174,23276524804
23276442499,23277147495
23277119294,23277901465
23277279949,23280715831
23287575105,23288139239
23288882700,23289840350
23300685014,23304406304
23308565889,23308737595
23309139834,23312656230
23309359219,23313380494
23309988472,23313334209
23316299143,23316456513
23329530549,23329704289
23330888356,23333498519
23347339541,23347885922
23359505018,23363055028
23376599432,23376936903
23377531756,23378520000
23384715636,23385083014
23393653188,23394601525
23404440812,23404573182
23405871728,23408217154
23417607886,23418453146
23420402893,23420942775
23422312723,23423190574
23431235509,23434414796
23439772511,23440329626
23450433555,23450974333
23455636400,23460461379
23459630308,23460264096
23463335446,23463662924
23480213861,23483485714
23485526207,23489291424
23485969233,23486920600
23495323793,23496117025
23500662325,23501079880
23500681873,23504273132
23516568102,23517263195
23528892085,23529392108
23533037403,23533999495
23548816302,23549481754
23568192715,23568346847
23571982440,23573007414
23577037437,23577829951
23583886248,23584532307
23585990962,23586093054
23589094134,23592144549
23592227651,23596073079
23602879010,23603226159
23608091135,23608790094
23625027900,23625496915
23625243240,23626149759
23628222575,23628765136
23630678648,23631489858
23633064544,23633440590
23647534890,23648262962
23667311560,23667986872
23675038131,23679038313
23684609726,23684656675
23696738319,23697245016
23697495473,23697891442
23704138307,23704928526
23721539499,23722171711
23738695991,23739074906
23742634614,23743352265
23749547229,23752353328
23753072553,23753211735
23761968027,23762492524
23766831617,23767961488
23767803480,23768391983
23768108969,23769112654
23791434880,23791501257
23792823613,23796527735
23798180106,23798942515
23804248547,23805168506
23805806377,23806800497
23805886224,23806818932
23811688467,23812423462
23814547820,23821623446
23826108583,23829699716
23832206801,23836806089
23845169435,23846239077
23847467875,23851445977
23855086859,23855993879
23858221335,23861553261
23859015620,23862219139
23859243158,23862235629
23875217641,23875782105
23878506930,23879042677
23880084989,23880969500
23892341459,23892689600
23893577468,23894783271
23895719620,23896218701
23898796287,23899064085
23922516528,23923373758
23933365731,23933497032
23933813605,23937807596
23945745058,23946619251
23947746984,23948724991
23949404459,23950581868
23952767653,23956703867
23959871882,23960283881
23963108111,23963598414
23979323836,23980319784
23989841900,23990090082
23999143520,23999503629
24002972662,24003897418
24003911861,24007326668
24011645732,24011782749
24015809535,24016481132
24017315243,24017981912
24025061709,24026312300
24027780668,24031196283
24034111910,24035017814
24034216357,24034763328
24071986042,24072824941
24092192725,24092699282
24095272971,24095453196
24109014045,24109258211
24129563394,24130168053
24150882639,24153954593
24160154986,24160928176
24160729764,24161032198
24179769783,24180725804
24194670073,24195082651
24201672809,24202578206
24202806609,24203517856
24213332634,24213896989
24215147586,24215991584
24216980656,24220615942
24238845937,24242589188
24239962448,24242581591
24250033356,24250192801
24255964998,24256976574
24259942665,24260652389
24269825996,24270897194
24291342818,24291958044
24291963152,24292585738
24300071818,24303645422
24316442084,24321613554
24324018528,24324699884
24324988424,24325660736
24328723105,24329540706
24348798214,24349678914
24357408469,24361712559
24365236488,24365626413
24368523614,24369438579
24380269450,24381401774
24394554896,24395073483
24399722788,24402663539
24410453012,24414425538
24416125473,24416514220
24421773202,24421844330
24427644543,24428165913
24429556137,24430236705
24439288218,24440018301
24459229842,24459527024
24462328226,24462842720
24473162719,24477253740
24473956459,24478128136
24479776083,24479959228
24481847884,24482387355
24484802599,24485410816
24491479631,24492423822
24494181033,24494977630
24497311246,24497815313
24502998035,24504095159
24508240902,24509002627
24514234661,24514869959
24536342620,24537274583
24537107348,24537705596
24542738643,24543272059
24566248864,24566347995
24570171872,24574085284
24579184752,24579502327
24580861504,24586074635
24599729580,24600553131
24600454658,24600765980
24602135864,24602446808
24614812742,24615144018
24620897379,24621230781
24629626724,24629949992
24635083707,24635417874
24679995240,24680696972
24682352473,24682869162
24687944639,24688326179
24691637017,24692319275
24694280455,24698927571
24698959561,24699259075
24701077358,24701428219
24717834917,24718569413
24721939378,24726951952
24728947817,24729254027
24739560505,24739833463
24745651868,24749045053
24754009431,24755159898
24764553647,24764989029
24765496575,24766482657
24766754760,24767040597
24770725983,24771389131
24773092320,24774348671
24789894262,24790255296
24789996888,24790368446
24790529136,24791290787
24802080643,24802635566
24808395815,24809453861
24823670694,24824256140
24827080051,24827738170
24840695962,24840975769
24846788895,24847816498
24848789364,24849929438
24862715753,24863919628
24865032468,24865662935
24880069675,24884697802
24884230721,24885328984
24894323616,24895036764
24897512014,24898282885
24903256876,24903872696
24903376299,24903454443
24904485059,24904710022
24910418651,24911259258
24913168570,24916414852
24945353810,24946368721
24945759057,24946962719
24947413977,24948075648
24948898167,24949658241
24954446437,24954913477
24955975019,24956782562
24965287727,24968764536
24986816478,24987307627
24989883535,24993426027
25001084952,25001472245
25001194293,25002213985
25002553901,25003046820
25007289087,25007536139
25008035242,25008938327
25008818608,25012208022
25015438847,25017671692
25020247375,25024045199
25032684863,25035941352
25032722064,25035707078
25052939155,25053037982
25053601404,25054740626
25055442243,25056085837
25056071402,25056690052
25056120503,25057357487
25057921263,25059011711
25066254730,25069962508
25072962309,25073953413
25074024757,25075131643
25080836359,25081160307
25095719857,25096826041
25096383723,25097076615
25102124729,25103338911
25105674091,25106659986
25106682544,25107621429
25114812654,25115672025
25116203414,25117083136
25116815827,25117410292
25124044768,25126540725
25143829519,25146944056
25157699501,25158399439
25162863080,25166820168
25179276553,25183843846
25179768273,25183515402
25189033089,25189807503
25196891339,25200896098
25197209840,25200778067
25204701295,25205713343
25226215645,25226686301
25226788973,25229753920
25230870413,25231032089
25232899009,25233156309
25235205343,25235290970
25235318887,25235800645
25238235546,25241729926
25242580545,25243357765
25249028478,25249373209
25253966911,25254836470
25254617597,25255107449
25259723968,25263449584
25265008159,25265454764
25266439553,25267350044
25277188221,25277593661
25277644158,25278275303
25292866678,25293219714
25295760071,25295955477
25302758370,25303429125
25303820481,25307385041
25308430862,25308783790
25324130752,25325128691
25348484961,25348855366
25362308304,25363254803
25368361965,25368859789
25379429893,25380122782
25381495202,25382036975
25385263757,25386010410
25386171899,25386349240
25388590999,25389280770
25399020455,25399875424
25413269823,25417151924
25418664488,25418850035
25426175929,25427165653
25426909443,25427506735
25430249089,25431241135
25437060182,25441148553
25441186065,25441239987
25481933945,25483318526
25483835610,25487271378
25491837758,25492190550
25495704920,25499946588
25499764028,25500604180
25511898993,25515196551
25511922456,25516199531
25520670783,25521574175
25540175691,25540790045
25541174672,25541879291
25556099489,25556856917
25558947422,25560045859
25577893519,25579280338
25595095269,25596049670
25595095587,25595928342
25596011079,25596507423
25606255737,25607271453
25607579801,25608342779
25609182844,25609628285
25611160223,25612319057
25612819196,25613634374
25614971305,25615682875
25616405712,25616833134
25619149459,25619222312
25620594908,25624481058
25656562777,25657384882
25657599494,25658601529
25659684377,25660014625
25672899046,25673994395
25686367512,25690807550
25690481274,25691511426
25691071350,25691601393
25695478944,25695595659
25705079992,25709812950
25710025919,25710664357
25710279553,25710381404
25711826782,25712744884
25712888279,25713571919
25713041479,25713117200
25713360357,25713604410
25718210747,25719527392
25718349251,25718881686
25725187036,25725652255
25729720950,25730641067
25748959165,25750103539
25755698992,25759439239
25763622155,25763936530
25765827664,25766317634
25773747366,25774157658
25783769437,25784962063
25785177498,25785952329
25803553493,25804032752
25803840583,25804393445
25813368873,25813499903
25825574855,25825833580
25826011630,25826615029
25831356286,25831804140
25834135922,25839591064
25852164955,25852885386
25871199969,25871996439
25881758020,25882370460
25883667643,25884412048
25890140284,25890417057
25905283197,25907722972
25909614084,25909678633
25916421056,25916957991
25921641333,25922610902
25922741701,25923606622
25923620704,25924347316
25930419315,25931424971
25941292001,25943478043
25943689756,25944622474
25956422543,25957143779
25961681866,25962758019
25976954363,25977728168
25981875723,25982631578
25992506208,25993427440
26002732608,26003376075
26007394793,26008272613
26030900945,26035065543
26041470753,26044675928
26042185534,26044860292
26044693669,26045365696
26048794211,26049912496
26049585162,26049729034
26051060221,26051469147
26052115122,26052958795
26085860520,26086510201
26090898104,26091673720
26095223780,26095507613
26095512651,26095567455
26112149867,26112550163
26115740776,26116475810
26117532756,26117583628
26119374204,26120290883
26129464927,26130114632
26131987167,26132280505
26134463336,26135210641
26135733341,26136024827
26136452175,26137351110
26138564784,26139245234
26140413015,26141159207
26150136660,26153881601
26164499705,26164930296
26171013794,26172197517
26172304700,26176420671
26176817650,26177624981
26199265055,26200631288
26221833087,26222214972
26230306369,26232612182
26238011000,26238807433
26251022876,26277882711
26277934124,26278648254
26285485111,26286538582
26292222065,26293434149
26292777199,26293877670
26296040900,26296851131
26297483335,26300574009
26300852265,26302082052
26304105082,26304228284
26308169794,26309561497
26328821033,26329604233
26339760167,26340628723
26345210208,26345913820
26352859985,26353808739
26359792595,26360498670
26364767230,26364997612
26371810074,26372076814
26375241826,26376012908
26389054120,26389719029
26390087376,26390519987
26390428939,26391678922
26393138814,26393711817
26404050725,26404724758
26413016428,26414123568
26419376894,26419577668
26423777389,26423918512
26434543614,26435739238
26440955554,26441156750
26452113184,26452788577
26469549298,26469726187
26470127054,26471197871
26470335959,26473252536
26480672519,26481747496
26480944265,26481239640
26493053991,26493959074
26500453195,26501322817
26502054202,26506980748
26514525522,26518876177
26520915467,26520951328
26524741444,26525821930
26527303892,26528268004
26534442542,26535168125
26535795522,26536461272
26536768508,26536856694
26545580970,26546055134
26547574463,26547864831
26550066852,26550550550
26553584141,26554474740
26580889213,26581263046
26584319499,26584923122
26584665175,26585592277
26590082632,26590225014
26600174755,26600794942
26621933204,26622019382
26623212019,26626947034
26634265521,26634982023
26641770799,26641838775
26642050681,26643000640
26642386948,26643404639
26643957653,26644125227
26645443599,26646186865
26655774848,26663404994
26683269599,26684420654
26683574763,26688863388
26688512908,26691812023
26703160908,26706780448
26707416418,26707790725
26708867734,26709984739
26709992710,26710884452
26711966686,26712880117
26721122295,26721333831
26724916686,26724978523
26728492172,26729346603
26750817578,26751347708
26751090523,26751778113
26751513691,26751761031
26751905898,26753079298
26759487795,26763287761
26763445993,26766069598
26769436407,26773448239
26776787017,26777341155
26777655500,26778465025
26787062318,26787630734
26787674133,26788596374
26788465868,26789000291
26793972628,26795114325
26795492284,26799494632
26806001441,26807091185
26807273244,26808123341
26809412831,26810315267
26828975299,26829245544
26830639737,26831656595
26842863906,26843856510
26844959767,26845967869
26849520231,26850240178
26849534012,26850782338
26850989110,26854289745
26869536089,26870530022
26885984815,26892401107
26905714582,26906595095
26931922818,26936347628
26940162324,26940227284
26942336482,26943189810
26944641437,26944817341
26945128222,26946135268
26946976406,26953284462
26965378337,26965816492
26972822301,26977014789
26983695920,26984052999
26985369422,26985807731
26992079763,26993111030
26993089642,26993994918
27013191495,27014614249
27014639309,27017522065
27020603898,27021522992
27021961204,27026154350
27027627301,27031046965
27031211053,27031496149
27041157273,27042353223
27050306755,27053892305
27071992931,27072716773
27073946243,27074146115
27086837900,27087215598
27092086862,27092859174
27092990053,27093726253
27098628922,27099513473
27099799635,27099960449
27100463543,27101274370
27112917844,27113809852
27120562063,27120778082
27132430374,27136362542
27140668156,27141522459
27158141688,27159204517
27168921972,27172290875
27175926352,27176342467
27177742901,27178793252
27205124774,27208647308
27215165928,27215290162
27218614765,27219384765
27234501619,27237153893
27238271376,27239076736
27243619904,27244028960
27265751652,27266433816
27280964313,27281034228
27291554103,27292520677
27300155187,27300905619
27300957383,27301145488
27306871153,27307740922
27314419287,27314462505
27343286402,27344256833
27357544199,27358545275
27362987033,27364071421
27366318375,27366550717
27375525407,27376198220
27387501064,27388281882
27397869419,27397918109
27398062125,27401377901
27406836211,27407341852
27408414063,27409473588
27410432659,27411067620
27411317780,27412199673
27420486181,27420814328
27424727663,27425639911
27425907758,27427158212
27427174733,27427875990
27427200093,27428151761
27445862684,27446191125
27464737666,27465880607
27467529182,27467850022
27468283981,27468974277
27475542159,27476607320
27494014111,27498200455
27503093919,27503817040
27514219582,27515014729
27518421718,27523105381
27533325617,27533402852
27534291129,27535351630
27547586941,27551073100
27569186103,27570067098
27582062369,27582497427
27586487349,27587208926
27587710545,27588725436
27596561111,27597409822
27601447992,27604961744
27623704868,27624041226
27631045405,27631332505
27636230499,27636505372
27642117299,27645495152
27651148143,27651591109
27664398739,27665061249
27664957708,27665229019
27667031977,27667936732
27678880733,27679545010
27683714492,27684421513
27690303508,27691459268
27697260440,27698371612
27702310061,27702694495
27711079644,27717733971
27713994983,27714926863
27717972795,27719045837
27719631563,27720484143
27722524913,27723008795
27724100727,27725099755
27738597397,27739621386
27741012839,27741855697
27752644791,27752944386
27762489701,27763437917
27767991148,27768632032
27773587831,27777435799
27777471760,27781584971
27796037225,27796121950
27796271933,27796518330
27803700519,27804160858
27809971325,27812779111
27817744755,27817913200
27830082960,27830858094
27831800755,27832073983
27837970762,27838008899
27843007872,27843213457
27850252943,27852853189
27864107807,27864741201
27864227104,27865007868
27864863401,27865173379
27877370949,27880410476
27893101242,27894158856
27898800336,27899349202
27900700247,27901366793
27906098003,27909350934
27914511680,27915564988
27915287516,27915728638
27922351093,27922615505
27933194834,27933963982
27936872433,27938044382
27938275218,27938829323
27942192159,27942651094
27964768042,27965624451
27966394604,27967305048
27967127142,27967506691
27973381050,27976203138
27983467917,27985491508
27990278040,27990621829
27991850624,27992613938
27992353816,27993454033
27995061957,27995388553
27998134225,27998610129
27998645452,27998756310
27999975791,28000499606
28002323288,28002633734
28006373467,28007082615
28007933251,28008886065
28017878291,28018066554
28022825794,28023223318
28047472496,28048195141
28052661586,28056049261
28052991389,28056498966
28061446686,28065622172
28085747007,28087053391
28086437857,28087303203
28090739104,28093947290
28095491700,28096040773
28098332911,28099200125
28099604453,28100320715
28102037919,28102173422
28110963010,28114920549
28133284948,28133721095
28157767798,28158665454
28161000216,28161288221
28163265560,28164126209
28165592445,28166545148
28175749458,28179471039
28180078728,28180800973
28180350851,28180869385
28182430799,28183305266
28192700888,28193591431
28195770524,28195978588
28196709430,28198020502
28198197812,28198919027
28199454667,28200354170
28208964698,28209249626
28223227236,28224579902
28224878040,28225275430
28233615309,28236646224
28257684907,28258157193
28266122879,28270373164
28271089609,28277606695
28302689627,28306399507
28306711468,28307654737
28315376200,28315923679
28315868391,28316028473
28317309620,28317400028
28324833947,28325639714
28345314858,28345973171
28367258326,28368134366
28375233694,28375495684
28386190390,28386963692
28386542072,28387653892
28388971211,28389819643
28398223427,28398459035
28414088015,28417547756
28429094682,28429755665
28432283992,28436265398
28446408821,28447591037
28447393757,28450238463
28475319949,28475521051
28515134550,28515966079
28517017295,28517670203
28521509301,28522112453
28528261883,28528513720
28533466041,28540963758
28543534006,28544145226
28544493067,28545486456
28545015319,28545235164
28547337326,28547777342
28548211237,28549024899
28554763400,28557029199
28560124857,28561344859
28561734949,28562922731
28563306917,28564385308
28573426699,28574036634
28580945754,28581227866
28597602828,28598112983
28602673230,28603331163
28617148345,28617562589
28634510666,28634820240
28634846930,28635537323
28665242873,28666117693
28669418101,28672421343
28687781980,28688185266
28691844192,28695020800
28702568376,28702710354
28708698560,28709616060
28721442509,28721767749
28724362383,28725039866
28725563037,28726430671
28730227256,28730907549
28742356911,28742588121
28750203461,28754373501
28755096170,28756028561
28765119875,28765628917
28768258092,28769644925
28770539707,28771317685
28791926970,28792251985
28795483915,28795887756
28811868523,28812693975
28819393100,28820701288
28823810209,28824539099
28823890287,28824899311
28834444214,28835247486
28864799937,28865600793
28866259951,28867334595
28867204875,28868019900
28878710514,28879848791
28879670016,28880459888
28879672946,28879940849
28880863381,28881713379
28884105821,28885019072
28887572355,28888643374
28907130661,28908086197
28907169532,28907807951
28912261843,28912314429
28921991088,28922484916
28925701654,28929335277
28926146341,28926840175
28929439940,28929940824
28946191926,28947474704
28954983281,28956014198
28957655477,28957994792
28969066891,28969463907
28989326834,28989984085
28990316280,28991123662
28991556579,28992611404
28993892449,28995616533
28997838348,29002007924
29011568901,29011719833
29033061355,29035678827
29037849995,29038121106
29039769203,29040598875
29044044514,29044084545
29044364037,29047797619
29059997395,29061039418
29072281443,29073211719
29074226239,29075118934
29083100074,29086985647
29084430847,29085255049
29093543653,29093740776
29093839663,29094637091
29093989402,29094160322
29098599047,29098956250
29099506146,29100194347
29104128355,29104835438
29106413328,29106984928
29120579046,29120856927
29120686863,29121007013
29131246333,29131944952
29138798038,29139870449
29142738913,29142846617
29148053277,29148942319
29148329634,29148815451
29150995708,29154834361
29155137948,29155517053
29168640976,29168902334
29171730924,29175733141
29182436405,29184571258
29189457690,29190128104
29189741984,29190774551
29191828477,29192457628
29192087894,29192708569
29192474726,29193583737
29208003550,29209399226
29208355630,29208615325
29219927931,29221055300
29220244223,29220975589
29222691477,29223885450
29227287652,29228226236
29233454130,29234430180
29236332871,29237021654
29242432249,29245640992
29243260534,29243672977
29252595439,29252878370
29271729364,29271873296
29285149287,29285435889
29293092632,29293578712
29295470164,29295569452
29323233146,29323484679
29324782464,29325235349
29331865682,29332190413
29332542287,29333506690
29334799834,29335437060
29334898245,29335942789
29338997885,29339929062
29345853665,29347068238
29346082437,29346908651
29351333656,29352127153
29361015206,29361080325
29364706198,29365701064
29367283382,29368121767
29369714672,29372121989
29372329562,29372421477
29382077550,29382278688
29386882296,29387164636
29391077263,29391614958
29399011370,29399821344
29406518269,29406866422
29426655397,29427175802
29450073931,29451035093
29466167607,29467168101
29467855297,29468745870
29471333307,29475178478
29480329255,29483821076
29486559305,29487325924
29499710253,29500277433
29522769072,29523518315
29534610609,29535041017
29535740186,29535841061
29551145376,29551511164
29555705550,29556176238
29563949131,29564597028
29569183384,29570470270
29574021924,29574907929
29580577394,29583595790
29601443085,29602619448
29604892487,29605603233
29605917157,29606456428
29621024453,29621673589
29621442680,29622078175
29621570619,29622016642
29623354464,29624084413
29629370924,29633002138
29635601155,29636691309
29659007251,29659238183
29660217864,29661199022
29663101469,29663859398
29667983377,29668512451
29679793593,29680000581
29681338326,29681928970
29682598512,29683487996
29684718665,29685950203
29687474266,29688182059
29697508355,29698684534
29704842888,29705753333
29706659337,29707412171
29707401425,29707834460
29713783778,29714703350
29714706110,29717678248
29715041042,29718756059
29726795741,29727749296
29735346251,29736398446
29739002588,29739040016
29742268087,29742638038
29750410673,29751190502
29752667856,29753785994
29755826914,29756606915
29761266686,29761938249
29769309359,29769649161
29778277868,29779003036
29788786046,29788859268
29801524677,29801671449
29802888661,29805922743
29812011346,29812490628
29812355940,29813001591
29821628785,29822545453
29828133085,29831501614
29835546237,29836070480
29835791920,29836626800
29851042570,29852168700
29857905841,29858835218
29860861528,29865176924
29866536241,29867636238
29867406207,29868407751
29878241352,29879435114
29879524440,29880284073
29886059430,29886691007
29892505185,29893161488
29896748605,29897850526
29903707154,29907307698
29911394071,29911514292
29924004820,29924162029
29924012811,29924663060
29932160158,29932547622
29939843896,29940061422
29942833390,29943526145
29943382369,29944363457
29949780931,29953812123
29970536988,29971656031
29978127250,29979218748
29979630460,29980117406
29979946181,29980669616
29980443514,29980561227
29983825931,29985166646
29990795438,29991006857
29996086072,29996553453
30012928973,30013672984
30013719984,30014014434
30018675860,30018916294
