elapsed_time_ms,executed_count,memory_kb,disk_kb,Tracking,Repartitioning
0,0,3.199.464,1.935.856,x,x
101,121,3.214.696,1.935.860,x,x
202,329,3.210.792,1.935.876,x,x
303,526,3.207.912,1.935.920,x,x
405,697,3.208.052,1.935.948,x,x
506,841,3.207.184,1.935.968,x,x
608,1.047,3.205.796,1.935.988,x,x
709,1.253,3.206.452,1.936.032,x,x
810,1.433,3.208.252,1.936.068,x,x
912,1.611,3.205.296,1.936.080,x,x
1.013,1.858,3.213.264,1.936.104,x,x
1.115,2.100,3.207.068,1.936.140,x,x
1.216,2.286,3.206.592,1.936.164,x,x
1.317,2.496,3.213.468,1.936.216,x,x
1.419,2.730,3.208.532,1.936.216,x,x
1.520,2.943,3.207.688,1.936.232,x,x
1.622,3.158,3.206.996,1.936.260,x,x
1.723,3.369,3.210.684,1.936.292,x,x
1.824,3.562,3.208.524,1.936.312,x,x
1.926,3.773,3.209.676,1.936.316,x,x
2.027,4.007,3.214.452,1.936.348,x,x
2.129,4.221,3.206.392,1.936.364,x,x
2.230,4.424,3.213.612,1.936.372,x,x
2.332,4.625,3.209.144,1.936.388,x,x
2.433,4.804,3.207.344,1.936.400,x,x
2.535,5.008,3.209.468,1.936.428,x,x
2.636,5.212,3.204.900,1.936.436,x,x
2.737,5.387,3.212.716,1.936.468,x,x
2.839,5.590,3.211.488,1.936.476,x,x
2.940,5.804,3.210.868,1.936.492,x,x
3.042,6.043,3.204.880,1.936.520,x,x
3.143,6.274,3.213.252,1.936.536,x,x
3.244,6.530,3.207.420,1.936.568,x,x
3.346,6.701,3.206.100,1.936.596,x,x
3.447,6.893,3.206.204,1.936.600,x,x
3.549,7.066,3.208.204,1.936.620,x,x
3.650,7.318,3.208.536,1.936.652,x,x
3.751,7.536,3.208.448,1.936.660,x,x
3.853,7.711,3.207.660,1.936.668,x,x
3.954,7.915,3.208.340,1.936.696,x,x
4.056,8.113,3.210.396,1.936.712,x,x
4.157,8.324,3.212.956,1.936.736,x,x
4.258,8.525,3.209.156,1.936.756,x,x
4.360,8.744,3.212.804,1.936.760,x,x
4.461,8.960,3.206.772,1.936.776,x,x
4.563,9.154,3.207.732,1.936.804,x,x
4.664,9.362,3.209.076,1.936.828,x,x
4.765,9.600,3.215.012,1.936.840,x,x
4.867,9.826,3.210.808,1.936.852,x,x
4.968,10.036,3.207.228,1.936.864,x,x
5.070,10.273,3.206.124,1.936.904,x,x
5.171,10.520,3.207.036,1.936.936,x,x
5.272,10.675,3.207.412,1.936.944,x,x
5.373,10.858,3.205.640,1.936.964,x,x
5.475,11.046,3.207.032,1.936.980,x,x
5.576,11.210,3.207.596,1.937.000,x,x
5.678,11.406,3.208.304,1.937.028,x,x
5.779,11.607,3.208.052,1.937.028,x,x
5.880,11.811,3.212.120,1.937.052,x,x
5.982,11.997,3.208.716,1.937.052,x,x
6.083,12.233,3.209.236,1.937.080,x,x
6.185,12.424,3.207.068,1.937.124,x,x
6.286,12.606,3.206.996,1.937.156,x,x
6.387,12.811,3.210.224,1.937.156,x,x
6.489,13.008,3.212.264,1.937.180,x,x
6.590,13.184,3.208.024,1.937.192,x,x
6.691,13.391,3.214.508,1.937.208,x,x
6.793,13.611,3.216.788,1.937.244,x,x
6.894,13.865,3.216.052,1.937.248,x,x
6.996,14.105,3.209.464,1.937.272,x,x
7.097,14.301,3.210.148,1.937.296,x,x
7.199,14.550,3.212.876,1.937.316,x,x
7.300,14.786,3.208.920,1.937.332,x,x
7.401,15.011,3.211.676,1.937.368,x,x
7.503,15.225,3.212.476,1.937.380,x,x
7.604,15.464,3.210.140,1.937.408,x,x
7.706,15.666,3.218.204,1.937.428,x,x
7.807,15.903,3.210.152,1.937.432,x,x
7.908,16.073,3.213.236,1.937.460,x,x
8.010,16.313,3.207.672,1.937.464,x,x
8.111,16.536,3.209.012,1.937.484,x,x
8.213,16.753,3.207.372,1.937.504,x,x
8.314,16.970,3.210.924,1.937.532,x,x
8.415,17.179,3.210.664,1.937.548,x,x
8.517,17.385,3.209.740,1.937.556,x,x
8.618,17.606,3.210.596,1.937.572,x,x
8.720,17.831,3.211.328,1.937.616,x,x
8.821,18.041,3.208.272,1.937.624,x,x
8.922,18.216,3.208.388,1.937.644,x,x
9.024,18.456,3.209.796,1.937.656,x,x
9.125,18.651,3.213.052,1.937.660,x,x
9.227,18.851,3.208.340,1.937.676,x,x
9.328,19.054,3.209.448,1.937.700,x,x
9.429,19.242,3.207.972,1.937.708,x,x
9.531,19.444,3.210.032,1.937.744,x,x
9.632,19.646,3.216.780,1.937.784,x,x
9.734,19.882,3.209.708,1.937.800,x,x
9.835,20.080,3.213.268,1.937.816,x,x
9.936,20.284,3.208.200,1.937.824,x,x
10.038,20.512,3.206.640,1.937.848,x,x
10.139,20.790,3.214.492,1.937.868,x,x
10.241,21.020,3.207.088,1.937.888,x,x
10.342,21.250,3.208.548,1.937.908,x,x
10.443,21.472,3.212.940,1.937.924,x,x
10.545,21.714,3.214.292,1.937.952,x,x
10.646,21.917,3.212.476,1.937.980,x,x
10.748,22.081,3.208.684,1.937.984,x,x
10.849,22.321,3.214.244,1.938.020,x,x
10.950,22.505,3.210.628,1.938.040,x,x
11.052,22.704,3.211.648,1.938.060,x,x
11.153,22.886,3.208.452,1.938.088,x,x
11.255,23.119,3.209.832,1.938.120,x,x
11.356,23.385,3.209.832,1.938.128,x,x
11.457,23.656,3.213.440,1.938.164,x,x
11.559,23.828,3.211.488,1.938.180,x,x
11.660,24.061,3.209.156,1.938.192,x,x
11.761,24.261,3.212.612,1.938.204,x,x
11.863,24.490,3.212.716,1.938.224,x,x
11.964,24.718,3.210.204,1.938.244,x,x
12.066,24.972,3.214.680,1.938.256,x,x
12.167,25.155,3.210.548,1.938.268,x,x
12.268,25.368,3.211.148,1.938.280,x,x
12.370,25.556,3.210.428,1.938.300,x,x
12.471,25.799,3.209.648,1.938.332,x,x
12.573,26.021,3.213.524,1.938.356,x,x
12.674,26.225,3.212.080,1.938.380,x,x
12.776,26.403,3.213.672,1.938.404,x,x
12.877,26.594,3.216.180,1.938.432,x,x
12.978,26.806,3.210.392,1.938.444,x,x
13.080,27.007,3.215.800,1.938.484,x,x
13.181,27.171,3.214.552,1.938.500,x,x
13.283,27.378,3.208.392,1.938.516,x,x
13.384,27.564,3.214.260,1.938.548,x,x
13.485,27.769,3.209.448,1.938.556,x,x
13.587,28.000,3.209.264,1.938.580,x,x
13.688,28.230,3.214.232,1.938.608,x,x
13.790,28.417,3.212.468,1.938.632,x,x
13.891,28.632,3.209.888,1.938.644,x,x
13.992,28.870,3.216.060,1.938.680,x,x
14.094,29.079,3.210.256,1.938.696,x,x
14.195,29.285,3.208.460,1.938.712,x,x
14.297,29.484,3.212.348,1.938.748,x,x
14.398,29.672,3.212.072,1.938.764,x,x
14.499,29.909,3.214.680,1.938.792,x,x
14.601,30.119,3.208.140,1.938.816,x,x
14.702,30.294,3.211.820,1.938.828,x,x
14.804,30.484,3.208.684,1.938.840,x,x
14.905,30.696,3.213.068,1.938.872,x,x
15.006,30.925,3.212.652,1.938.872,x,x
15.107,31.132,3.215.384,1.938.900,x,x
15.209,31.328,3.212.564,1.938.932,x,x
15.310,31.532,3.212.672,1.938.952,x,x
15.412,31.718,3.210.436,1.938.984,x,x
15.513,31.896,3.213.152,1.939.012,x,x
15.614,32.120,3.211.204,1.939.032,x,x
15.716,32.296,3.211.852,1.939.048,x,x
15.817,32.523,3.214.184,1.939.080,x,x
15.919,32.744,3.211.008,1.939.100,x,x
16.020,32.898,3.209.164,1.939.108,x,x
16.121,33.118,3.208.648,1.939.124,x,x
16.223,33.350,3.213.176,1.939.148,x,x
16.324,33.548,3.210.496,1.939.164,x,x
16.426,33.774,3.215.848,1.939.192,x,x
16.527,33.954,3.210.324,1.939.208,x,x
16.628,34.196,3.210.484,1.939.228,x,x
16.730,34.406,3.211.636,1.939.248,x,x
16.831,34.634,3.211.024,1.939.256,x,x
16.933,34.845,3.209.076,1.939.260,x,x
17.034,35.067,3.209.740,1.939.292,x,x
17.135,35.277,3.212.020,1.939.316,x,x
17.237,35.481,3.208.908,1.939.336,x,x
17.338,35.629,3.210.964,1.939.360,x,x
17.439,35.820,3.216.872,1.939.388,x,x
17.541,36.029,3.212.072,1.939.396,x,x
17.642,36.209,3.211.436,1.939.420,x,x
17.744,36.430,3.210.372,1.939.440,x,x
17.845,36.628,3.213.416,1.939.460,x,x
17.946,36.847,3.213.504,1.939.472,x,x
18.048,37.062,3.216.448,1.939.500,x,x
18.149,37.258,3.210.960,1.939.512,x,x
18.251,37.490,3.216.652,1.939.528,x,x
18.352,37.732,3.208.504,1.939.532,x,x
18.453,37.956,3.212.828,1.939.556,x,x
18.555,38.124,3.210.056,1.939.572,x,x
18.656,38.318,3.215.684,1.939.608,x,x
18.758,38.507,3.215.592,1.939.628,x,x
18.859,38.703,3.212.620,1.939.628,x,x
18.961,38.902,3.213.080,1.939.636,x,x
19.062,39.108,3.215.396,1.939.664,x,x
19.163,39.288,3.212.908,1.939.672,x,x
19.265,39.475,3.210.860,1.939.672,x,x
19.366,39.689,3.216.080,1.939.704,x,x
19.467,39.915,3.210.516,1.939.724,x,x
19.569,40.089,3.211.536,1.939.744,x,x
19.670,40.254,3.212.972,1.939.764,x,x
19.772,40.479,3.210.268,1.939.776,x,x
19.873,40.688,3.219.832,1.939.808,x,x
19.974,40.897,3.210.388,1.939.808,x,x
20.076,41.093,3.211.772,1.939.832,x,x
20.177,41.319,3.217.628,1.939.852,x,x
20.279,41.547,3.214.792,1.939.864,x,x
20.380,41.767,3.216.860,1.939.896,x,x
20.481,41.979,3.210.744,1.939.936,x,x
20.583,42.226,3.214.980,1.939.952,x,x
20.684,42.440,3.215.468,1.939.972,x,x
20.786,42.618,3.213.132,1.939.992,x,x
20.887,42.824,3.213.296,1.940.016,x,x
20.988,43.005,3.215.368,1.940.032,x,x
21.090,43.213,3.212.168,1.940.036,x,x
21.191,43.422,3.213.844,1.940.052,x,x
21.293,43.612,3.212.704,1.940.064,x,x
21.394,43.843,3.212.616,1.940.068,x,x
21.495,44.081,3.212.588,1.940.100,x,x
21.596,44.287,3.212.400,1.940.108,x,x
21.698,44.494,3.216.604,1.940.144,x,x
21.799,44.649,3.218.240,1.940.164,x,x
21.901,44.843,3.211.876,1.940.176,x,x
22.002,45.070,3.211.796,1.940.196,x,x
22.103,45.249,3.213.652,1.940.216,x,x
22.205,45.485,3.212.352,1.940.228,x,x
22.306,45.686,3.209.924,1.940.240,x,x
22.408,45.886,3.217.372,1.940.280,x,x
22.509,46.102,3.211.584,1.940.288,x,x
22.610,46.327,3.213.776,1.940.312,x,x
22.712,46.539,3.210.764,1.940.332,x,x
22.813,46.765,3.215.636,1.940.364,x,x
22.915,47.004,3.212.308,1.940.376,x,x
23.016,47.204,3.210.272,1.940.408,x,x
23.117,47.380,3.214.780,1.940.432,x,x
23.219,47.549,3.211.044,1.940.444,x,x
23.320,47.737,3.213.188,1.940.468,x,x
23.422,47.879,3.211.172,1.940.476,x,x
23.523,48.062,3.212.692,1.940.508,x,x
23.624,48.279,3.216.636,1.940.536,x,x
23.726,48.489,3.214.404,1.940.540,x,x
23.827,48.731,3.210.448,1.940.568,x,x
23.929,48.892,3.215.916,1.940.588,x,x
24.030,49.074,3.215.824,1.940.604,x,x
24.131,49.267,3.213.484,1.940.620,x,x
24.233,49.526,3.210.832,1.940.636,x,x
24.334,49.722,3.216.020,1.940.664,x,x
24.436,49.953,3.214.372,1.940.680,x,x
24.537,50.154,3.214.712,1.940.696,x,x
24.638,50.367,3.211.800,1.940.712,x,x
24.740,50.567,3.215.056,1.940.736,x,x
24.841,50.758,3.218.364,1.940.764,x,x
24.943,50.988,3.212.920,1.940.792,x,x
25.044,51.226,3.214.556,1.940.828,x,x
25.145,51.405,3.212.336,1.940.844,x,x
25.247,51.605,3.211.120,1.940.868,x,x
25.348,51.816,3.211.988,1.940.892,x,x
25.449,52.047,3.215.872,1.940.912,x,x
25.551,52.266,3.212.956,1.940.924,x,x
25.652,52.526,3.213.528,1.940.948,x,x
25.754,52.763,3.213.840,1.940.968,x,x
25.855,52.984,3.210.948,1.940.976,x,x
25.957,53.228,3.220.796,1.941.020,x,x
26.058,53.471,3.210.800,1.941.036,x,x
26.159,53.708,3.214.228,1.941.068,x,x
26.261,53.914,3.212.080,1.941.092,x,x
26.362,54.097,3.211.676,1.941.100,x,x
26.463,54.270,3.213.248,1.941.124,x,x
26.565,54.426,3.217.264,1.941.144,x,x
26.666,54.653,3.217.408,1.941.188,x,x
26.768,54.865,3.211.872,1.941.196,x,x
26.869,55.035,3.215.000,1.941.208,x,x
26.970,55.274,3.216.568,1.941.228,x,x
27.072,55.507,3.215.104,1.941.248,x,x
27.173,55.712,3.215.736,1.941.268,x,x
27.275,55.947,3.216.368,1.941.304,x,x
27.376,56.185,3.216.684,1.941.324,x,x
27.477,56.445,3.214.576,1.941.352,x,x
27.579,56.665,3.217.940,1.941.392,x,x
27.680,56.932,3.212.364,1.941.428,x,x
27.782,57.142,3.214.808,1.941.448,x,x
27.883,57.351,3.210.228,1.941.452,x,x
27.984,57.545,3.212.876,1.941.476,x,x
28.086,57.735,3.212.952,1.941.496,x,x
28.187,57.905,3.214.396,1.941.516,x,x
28.289,58.117,3.213.392,1.941.540,x,x
28.390,58.288,3.212.120,1.941.552,x,x
28.491,58.503,3.214.068,1.941.576,x,x
28.593,58.672,3.212.044,1.941.588,x,x
28.694,58.870,3.217.172,1.941.600,x,x
28.796,59.074,3.213.556,1.941.624,x,x
28.897,59.299,3.218.968,1.941.656,x,x
28.998,59.544,3.216.604,1.941.672,x,x
29.100,59.725,3.215.708,1.941.700,x,x
29.201,59.969,3.213.912,1.941.720,x,x
29.303,60.206,3.215.796,1.941.740,x,x
29.404,60.370,3.210.436,1.941.768,x,x
29.505,60.617,3.215.164,1.941.784,x,x
29.607,60.833,3.215.156,1.941.796,x,x
29.708,61.013,3.213.728,1.941.808,x,x
29.810,61.223,3.213.540,1.941.844,x,x
29.911,61.437,3.214.408,1.941.852,x,x
30.012,61.679,3.212.284,1.941.872,x,x
